country_region,sub_region_1,sub_region_2,metro_area,iso_3166_2_code,census_fips_code,place_id,date,retail_and_recreation_percent_change_from_baseline,grocery_and_pharmacy_percent_change_from_baseline,parks_percent_change_from_baseline,transit_stations_percent_change_from_baseline,workplaces_percent_change_from_baseline,residential_percent_change_from_baseline
Canada,Ontario,,,CA-ON,,ChIJrxNRX7IFzkwRCR5iKVZC-HA,2020-02-15,2,3,20,5,1,-1
Canada,Ontario,,,CA-ON,,ChIJrxNRX7IFzkwRCR5iKVZC-HA,2020-02-16,16,13,44,5,-2,-2
Canada,Ontario,,,CA-ON,,ChIJrxNRX7IFzkwRCR5iKVZC-HA,2020-02-17,-26,-37,70,-40,-72,16
Canada,Ontario,,,CA-ON,,ChIJrxNRX7IFzkwRCR5iKVZC-HA,2020-02-18,-1,12,-5,2,0,1
Canada,Ontario,,,CA-ON,,ChIJrxNRX7IFzkwRCR5iKVZC-HA,2020-02-19,0,4,-4,-2,1,0
Canada,Ontario,,,CA-ON,,ChIJrxNRX7IFzkwRCR5iKVZC-HA,2020-02-20,4,4,3,0,2,0
Canada,Ontario,,,CA-ON,,ChIJrxNRX7IFzkwRCR5iKVZC-HA,2020-02-21,1,-3,11,-1,-7,1
Canada,Ontario,,,CA-ON,,ChIJrxNRX7IFzkwRCR5iKVZC-HA,2020-02-22,8,6,44,11,7,-2
Canada,Ontario,,,CA-ON,,ChIJrxNRX7IFzkwRCR5iKVZC-HA,2020-02-23,12,6,53,9,5,-1
Canada,Ontario,,,CA-ON,,ChIJrxNRX7IFzkwRCR5iKVZC-HA,2020-02-24,2,2,18,-2,2,0
Canada,Ontario,,,CA-ON,,ChIJrxNRX7IFzkwRCR5iKVZC-HA,2020-02-25,1,7,2,1,3,0
Canada,Ontario,,,CA-ON,,ChIJrxNRX7IFzkwRCR5iKVZC-HA,2020-02-26,-8,-5,-15,-6,-2,3
Canada,Ontario,,,CA-ON,,ChIJrxNRX7IFzkwRCR5iKVZC-HA,2020-02-27,-13,-12,-17,-5,-8,5
Canada,Ontario,,,CA-ON,,ChIJrxNRX7IFzkwRCR5iKVZC-HA,2020-02-28,-5,-4,-10,-1,-1,2
Canada,Ontario,,,CA-ON,,ChIJrxNRX7IFzkwRCR5iKVZC-HA,2020-02-29,5,6,9,6,8,-1
Canada,Ontario,,,CA-ON,,ChIJrxNRX7IFzkwRCR5iKVZC-HA,2020-03-01,11,10,23,4,6,-1
Canada,Ontario,,,CA-ON,,ChIJrxNRX7IFzkwRCR5iKVZC-HA,2020-03-02,2,4,0,-2,4,0
Canada,Ontario,,,CA-ON,,ChIJrxNRX7IFzkwRCR5iKVZC-HA,2020-03-03,1,3,-6,0,4,0
Canada,Ontario,,,CA-ON,,ChIJrxNRX7IFzkwRCR5iKVZC-HA,2020-03-04,4,4,1,0,4,0
Canada,Ontario,,,CA-ON,,ChIJrxNRX7IFzkwRCR5iKVZC-HA,2020-03-05,6,6,21,2,0,0
Canada,Ontario,,,CA-ON,,ChIJrxNRX7IFzkwRCR5iKVZC-HA,2020-03-06,-3,-4,-4,-3,3,1
Canada,Ontario,,,CA-ON,,ChIJrxNRX7IFzkwRCR5iKVZC-HA,2020-03-07,10,9,41,8,9,-1
Canada,Ontario,,,CA-ON,,ChIJrxNRX7IFzkwRCR5iKVZC-HA,2020-03-08,13,10,86,6,5,-1
Canada,Ontario,,,CA-ON,,ChIJrxNRX7IFzkwRCR5iKVZC-HA,2020-03-09,4,5,41,-3,3,1
Canada,Ontario,,,CA-ON,,ChIJrxNRX7IFzkwRCR5iKVZC-HA,2020-03-10,1,4,-2,-4,3,1
Canada,Ontario,,,CA-ON,,ChIJrxNRX7IFzkwRCR5iKVZC-HA,2020-03-11,3,7,1,-5,2,1
Canada,Ontario,,,CA-ON,,ChIJrxNRX7IFzkwRCR5iKVZC-HA,2020-03-12,6,32,9,-6,1,1
Canada,Ontario,,,CA-ON,,ChIJrxNRX7IFzkwRCR5iKVZC-HA,2020-03-13,-3,41,-7,-16,-4,3
Canada,Ontario,,,CA-ON,,ChIJrxNRX7IFzkwRCR5iKVZC-HA,2020-03-14,-10,26,5,-17,0,3
Canada,Ontario,,,CA-ON,,ChIJrxNRX7IFzkwRCR5iKVZC-HA,2020-03-15,-10,14,44,-22,-6,4
Canada,Ontario,,,CA-ON,,ChIJrxNRX7IFzkwRCR5iKVZC-HA,2020-03-16,-12,27,10,-39,-31,11
Canada,Ontario,,,CA-ON,,ChIJrxNRX7IFzkwRCR5iKVZC-HA,2020-03-17,-29,15,2,-46,-39,15
Canada,Ontario,,,CA-ON,,ChIJrxNRX7IFzkwRCR5iKVZC-HA,2020-03-18,-36,1,1,-51,-44,17
Canada,Ontario,,,CA-ON,,ChIJrxNRX7IFzkwRCR5iKVZC-HA,2020-03-19,-38,2,11,-54,-47,19
Canada,Ontario,,,CA-ON,,ChIJrxNRX7IFzkwRCR5iKVZC-HA,2020-03-20,-45,-8,-15,-56,-49,21
Canada,Ontario,,,CA-ON,,ChIJrxNRX7IFzkwRCR5iKVZC-HA,2020-03-21,-48,-12,16,-49,-34,13
Canada,Ontario,,,CA-ON,,ChIJrxNRX7IFzkwRCR5iKVZC-HA,2020-03-22,-51,-22,6,-55,-38,12
Canada,Ontario,,,CA-ON,,ChIJrxNRX7IFzkwRCR5iKVZC-HA,2020-03-23,-47,-13,-39,-66,-55,22
Canada,Ontario,,,CA-ON,,ChIJrxNRX7IFzkwRCR5iKVZC-HA,2020-03-24,-48,-12,-6,-64,-57,22
Canada,Ontario,,,CA-ON,,ChIJrxNRX7IFzkwRCR5iKVZC-HA,2020-03-25,-54,-23,5,-67,-61,25
Canada,Ontario,,,CA-ON,,ChIJrxNRX7IFzkwRCR5iKVZC-HA,2020-03-26,-55,-22,-10,-68,-61,26
Canada,Ontario,,,CA-ON,,ChIJrxNRX7IFzkwRCR5iKVZC-HA,2020-03-27,-54,-21,10,-67,-61,26
Canada,Ontario,,,CA-ON,,ChIJrxNRX7IFzkwRCR5iKVZC-HA,2020-03-28,-60,-29,-31,-65,-46,16
Canada,Ontario,,,CA-ON,,ChIJrxNRX7IFzkwRCR5iKVZC-HA,2020-03-29,-59,-33,-14,-66,-46,14
Canada,Ontario,,,CA-ON,,ChIJrxNRX7IFzkwRCR5iKVZC-HA,2020-03-30,-55,-27,-34,-71,-63,25
Canada,Ontario,,,CA-ON,,ChIJrxNRX7IFzkwRCR5iKVZC-HA,2020-03-31,-51,-17,-27,-69,-62,24
Canada,Ontario,,,CA-ON,,ChIJrxNRX7IFzkwRCR5iKVZC-HA,2020-04-01,-51,-21,1,-69,-63,25
Canada,Ontario,,,CA-ON,,ChIJrxNRX7IFzkwRCR5iKVZC-HA,2020-04-02,-51,-20,3,-69,-63,26
Canada,Ontario,,,CA-ON,,ChIJrxNRX7IFzkwRCR5iKVZC-HA,2020-04-03,-55,-22,-28,-70,-62,27
Canada,Ontario,,,CA-ON,,ChIJrxNRX7IFzkwRCR5iKVZC-HA,2020-04-04,-57,-27,-18,-63,-46,16
Canada,Ontario,,,CA-ON,,ChIJrxNRX7IFzkwRCR5iKVZC-HA,2020-04-05,-60,-32,-11,-67,-47,14
Canada,Ontario,,,CA-ON,,ChIJrxNRX7IFzkwRCR5iKVZC-HA,2020-04-06,-55,-23,-5,-70,-63,24
Canada,Ontario,,,CA-ON,,ChIJrxNRX7IFzkwRCR5iKVZC-HA,2020-04-07,-55,-18,-21,-69,-63,25
Canada,Ontario,,,CA-ON,,ChIJrxNRX7IFzkwRCR5iKVZC-HA,2020-04-08,-52,-14,-10,-69,-64,25
Canada,Ontario,,,CA-ON,,ChIJrxNRX7IFzkwRCR5iKVZC-HA,2020-04-09,-44,7,-31,-68,-64,25
Canada,Ontario,,,CA-ON,,ChIJrxNRX7IFzkwRCR5iKVZC-HA,2020-04-10,-82,-67,-38,-81,-86,36
Canada,Ontario,,,CA-ON,,ChIJrxNRX7IFzkwRCR5iKVZC-HA,2020-04-11,-54,-9,-20,-62,-48,16
Canada,Ontario,,,CA-ON,,ChIJrxNRX7IFzkwRCR5iKVZC-HA,2020-04-12,-80,-68,-20,-70,-55,15
Canada,Ontario,,,CA-ON,,ChIJrxNRX7IFzkwRCR5iKVZC-HA,2020-04-13,-58,-25,-47,-75,-69,27
Canada,Ontario,,,CA-ON,,ChIJrxNRX7IFzkwRCR5iKVZC-HA,2020-04-14,-52,-14,-31,-70,-63,25
Canada,Ontario,,,CA-ON,,ChIJrxNRX7IFzkwRCR5iKVZC-HA,2020-04-15,-53,-20,-37,-70,-63,26
Canada,Ontario,,,CA-ON,,ChIJrxNRX7IFzkwRCR5iKVZC-HA,2020-04-16,-54,-19,-32,-70,-63,27
Canada,Ontario,,,CA-ON,,ChIJrxNRX7IFzkwRCR5iKVZC-HA,2020-04-17,-56,-23,-33,-69,-62,28
Canada,Ontario,,,CA-ON,,ChIJrxNRX7IFzkwRCR5iKVZC-HA,2020-04-18,-58,-27,-11,-58,-43,15
Canada,Ontario,,,CA-ON,,ChIJrxNRX7IFzkwRCR5iKVZC-HA,2020-04-19,-61,-36,-36,-66,-44,14
Canada,Ontario,,,CA-ON,,ChIJrxNRX7IFzkwRCR5iKVZC-HA,2020-04-20,-53,-23,-5,-68,-62,24
Canada,Ontario,,,CA-ON,,ChIJrxNRX7IFzkwRCR5iKVZC-HA,2020-04-21,-56,-26,-44,-70,-62,25
Canada,Ontario,,,CA-ON,,ChIJrxNRX7IFzkwRCR5iKVZC-HA,2020-04-22,-54,-22,-27,-69,-62,25
Canada,Ontario,,,CA-ON,,ChIJrxNRX7IFzkwRCR5iKVZC-HA,2020-04-23,-54,-21,-25,-68,-62,26
Canada,Ontario,,,CA-ON,,ChIJrxNRX7IFzkwRCR5iKVZC-HA,2020-04-24,-56,-25,-19,-67,-61,26
Canada,Ontario,,,CA-ON,,ChIJrxNRX7IFzkwRCR5iKVZC-HA,2020-04-25,-56,-25,22,-54,-41,14
Canada,Ontario,,,CA-ON,,ChIJrxNRX7IFzkwRCR5iKVZC-HA,2020-04-26,-59,-32,-36,-65,-43,14
Canada,Ontario,,,CA-ON,,ChIJrxNRX7IFzkwRCR5iKVZC-HA,2020-04-27,-51,-20,19,-65,-60,23
Canada,Ontario,,,CA-ON,,ChIJrxNRX7IFzkwRCR5iKVZC-HA,2020-04-28,-51,-18,-3,-65,-61,18
Canada,Ontario,,,CA-ON,,ChIJrxNRX7IFzkwRCR5iKVZC-HA,2020-04-29,-53,-23,-31,-68,-61,25
Canada,Ontario,,,CA-ON,,ChIJrxNRX7IFzkwRCR5iKVZC-HA,2020-04-30,-51,-18,-24,-67,-61,26
Canada,Ontario,,,CA-ON,,ChIJrxNRX7IFzkwRCR5iKVZC-HA,2020-05-01,-51,-18,10,-63,-59,25
Canada,Ontario,,,CA-ON,,ChIJrxNRX7IFzkwRCR5iKVZC-HA,2020-05-02,-54,-23,1,-54,-39,14
Canada,Ontario,,,CA-ON,,ChIJrxNRX7IFzkwRCR5iKVZC-HA,2020-05-03,-49,-21,62,-52,-36,11
Canada,Ontario,,,CA-ON,,ChIJrxNRX7IFzkwRCR5iKVZC-HA,2020-05-04,-49,-18,-3,-66,-59,23
Canada,Ontario,,,CA-ON,,ChIJrxNRX7IFzkwRCR5iKVZC-HA,2020-05-05,-48,-14,4,-64,-59,23
Canada,Ontario,,,CA-ON,,ChIJrxNRX7IFzkwRCR5iKVZC-HA,2020-05-06,-47,-15,16,-63,-59,23
Canada,Ontario,,,CA-ON,,ChIJrxNRX7IFzkwRCR5iKVZC-HA,2020-05-07,-49,-14,-1,-65,-59,24
Canada,Ontario,,,CA-ON,,ChIJrxNRX7IFzkwRCR5iKVZC-HA,2020-05-08,-51,-16,-21,-65,-58,25
Canada,Ontario,,,CA-ON,,ChIJrxNRX7IFzkwRCR5iKVZC-HA,2020-05-09,-50,-14,-32,-59,-36,14
Canada,Ontario,,,CA-ON,,ChIJrxNRX7IFzkwRCR5iKVZC-HA,2020-05-10,-43,-16,-10,-57,-32,11
Canada,Ontario,,,CA-ON,,ChIJrxNRX7IFzkwRCR5iKVZC-HA,2020-05-11,-49,-22,-16,-66,-58,23
Canada,Ontario,,,CA-ON,,ChIJrxNRX7IFzkwRCR5iKVZC-HA,2020-05-12,-46,-14,0,-63,-56,22
Canada,Ontario,,,CA-ON,,ChIJrxNRX7IFzkwRCR5iKVZC-HA,2020-05-13,-42,-12,35,-60,-56,22
Canada,Ontario,,,CA-ON,,ChIJrxNRX7IFzkwRCR5iKVZC-HA,2020-05-14,-45,-15,-12,-64,-57,24
Canada,Ontario,,,CA-ON,,ChIJrxNRX7IFzkwRCR5iKVZC-HA,2020-05-15,-46,-15,-4,-63,-57,24
Canada,Ontario,,,CA-ON,,ChIJrxNRX7IFzkwRCR5iKVZC-HA,2020-05-16,-43,-14,92,-46,-33,10
Canada,Ontario,,,CA-ON,,ChIJrxNRX7IFzkwRCR5iKVZC-HA,2020-05-17,-40,-14,33,-56,-32,10
Canada,Ontario,,,CA-ON,,ChIJrxNRX7IFzkwRCR5iKVZC-HA,2020-05-18,-68,-56,-6,-78,-83,30
Canada,Ontario,,,CA-ON,,ChIJrxNRX7IFzkwRCR5iKVZC-HA,2020-05-19,-36,0,24,-59,-54,20
Canada,Ontario,,,CA-ON,,ChIJrxNRX7IFzkwRCR5iKVZC-HA,2020-05-20,-33,0,68,-56,-54,20
Canada,Ontario,,,CA-ON,,ChIJrxNRX7IFzkwRCR5iKVZC-HA,2020-05-21,-33,-2,80,-56,-54,20
Canada,Ontario,,,CA-ON,,ChIJrxNRX7IFzkwRCR5iKVZC-HA,2020-05-22,-38,-8,68,-56,-52,20
Canada,Ontario,,,CA-ON,,ChIJrxNRX7IFzkwRCR5iKVZC-HA,2020-05-23,-37,-9,114,-42,-25,9
Canada,Ontario,,,CA-ON,,ChIJrxNRX7IFzkwRCR5iKVZC-HA,2020-05-24,-34,-14,100,-46,-25,8
Canada,Ontario,,,CA-ON,,ChIJrxNRX7IFzkwRCR5iKVZC-HA,2020-05-25,-33,-7,71,-57,-54,19
Canada,Ontario,,,CA-ON,,ChIJrxNRX7IFzkwRCR5iKVZC-HA,2020-05-26,-33,-5,60,-56,-51,18
Canada,Ontario,,,CA-ON,,ChIJrxNRX7IFzkwRCR5iKVZC-HA,2020-05-27,-32,-5,60,-56,-52,19
Canada,Ontario,,,CA-ON,,ChIJrxNRX7IFzkwRCR5iKVZC-HA,2020-05-28,-36,-9,13,-58,-52,21
Canada,Ontario,,,CA-ON,,ChIJrxNRX7IFzkwRCR5iKVZC-HA,2020-05-29,-38,-10,17,-57,-50,21
Canada,Ontario,,,CA-ON,,ChIJrxNRX7IFzkwRCR5iKVZC-HA,2020-05-30,-36,-9,67,-41,-16,9
Canada,Ontario,,,CA-ON,,ChIJrxNRX7IFzkwRCR5iKVZC-HA,2020-05-31,-32,-12,84,-44,-15,7
Canada,Ontario,,,CA-ON,,ChIJrxNRX7IFzkwRCR5iKVZC-HA,2020-06-01,-31,-6,79,-54,-49,17
Canada,Ontario,,,CA-ON,,ChIJrxNRX7IFzkwRCR5iKVZC-HA,2020-06-02,-34,-6,51,-55,-49,18
Canada,Ontario,,,CA-ON,,ChIJrxNRX7IFzkwRCR5iKVZC-HA,2020-06-03,-33,-6,58,-55,-49,19
Canada,Ontario,,,CA-ON,,ChIJrxNRX7IFzkwRCR5iKVZC-HA,2020-06-04,-31,-3,96,-53,-49,18
Canada,Ontario,,,CA-ON,,ChIJrxNRX7IFzkwRCR5iKVZC-HA,2020-06-05,-35,-9,71,-55,-48,18
Canada,Ontario,,,CA-ON,,ChIJrxNRX7IFzkwRCR5iKVZC-HA,2020-06-06,-33,-7,131,-40,-15,8
Canada,Ontario,,,CA-ON,,ChIJrxNRX7IFzkwRCR5iKVZC-HA,2020-06-07,-28,-10,143,-43,-14,6
Canada,Ontario,,,CA-ON,,ChIJrxNRX7IFzkwRCR5iKVZC-HA,2020-06-08,-29,-6,98,-54,-48,16
Canada,Ontario,,,CA-ON,,ChIJrxNRX7IFzkwRCR5iKVZC-HA,2020-06-09,-31,-5,88,-54,-47,17
Canada,Ontario,,,CA-ON,,ChIJrxNRX7IFzkwRCR5iKVZC-HA,2020-06-10,-30,-6,45,-56,-48,18
Canada,Ontario,,,CA-ON,,ChIJrxNRX7IFzkwRCR5iKVZC-HA,2020-06-11,-28,-2,91,-52,-47,18
Canada,Ontario,,,CA-ON,,ChIJrxNRX7IFzkwRCR5iKVZC-HA,2020-06-12,-31,-6,88,-52,-46,17
Canada,Ontario,,,CA-ON,,ChIJrxNRX7IFzkwRCR5iKVZC-HA,2020-06-13,-29,-6,139,-36,-9,7
Canada,Ontario,,,CA-ON,,ChIJrxNRX7IFzkwRCR5iKVZC-HA,2020-06-14,-25,-9,153,-40,-9,5
Canada,Ontario,,,CA-ON,,ChIJrxNRX7IFzkwRCR5iKVZC-HA,2020-06-15,-26,-4,108,-52,-47,16
Canada,Ontario,,,CA-ON,,ChIJrxNRX7IFzkwRCR5iKVZC-HA,2020-06-16,-26,0,112,-51,-46,15
Canada,Ontario,,,CA-ON,,ChIJrxNRX7IFzkwRCR5iKVZC-HA,2020-06-17,-26,-2,110,-51,-46,16
Canada,Ontario,,,CA-ON,,ChIJrxNRX7IFzkwRCR5iKVZC-HA,2020-06-18,-25,2,121,-50,-46,16
Canada,Ontario,,,CA-ON,,ChIJrxNRX7IFzkwRCR5iKVZC-HA,2020-06-19,-27,-1,117,-49,-45,14
Canada,Ontario,,,CA-ON,,ChIJrxNRX7IFzkwRCR5iKVZC-HA,2020-06-20,-27,1,166,-34,-7,4
Canada,Ontario,,,CA-ON,,ChIJrxNRX7IFzkwRCR5iKVZC-HA,2020-06-21,-24,-6,141,-40,-4,3
Canada,Ontario,,,CA-ON,,ChIJrxNRX7IFzkwRCR5iKVZC-HA,2020-06-22,-27,-6,86,-52,-48,15
Canada,Ontario,,,CA-ON,,ChIJrxNRX7IFzkwRCR5iKVZC-HA,2020-06-23,-28,-4,48,-53,-48,16
Canada,Ontario,,,CA-ON,,ChIJrxNRX7IFzkwRCR5iKVZC-HA,2020-06-24,-23,0,85,-49,-46,16
Canada,Ontario,,,CA-ON,,ChIJrxNRX7IFzkwRCR5iKVZC-HA,2020-06-25,-22,2,120,-47,-45,15
Canada,Ontario,,,CA-ON,,ChIJrxNRX7IFzkwRCR5iKVZC-HA,2020-06-26,-26,-2,137,-46,-44,14
Canada,Ontario,,,CA-ON,,ChIJrxNRX7IFzkwRCR5iKVZC-HA,2020-06-27,-27,-4,140,-32,-9,5
Canada,Ontario,,,CA-ON,,ChIJrxNRX7IFzkwRCR5iKVZC-HA,2020-06-28,-22,-7,194,-33,-3,3
Canada,Ontario,,,CA-ON,,ChIJrxNRX7IFzkwRCR5iKVZC-HA,2020-06-29,-18,3,140,-50,-47,13
Canada,Ontario,,,CA-ON,,ChIJrxNRX7IFzkwRCR5iKVZC-HA,2020-06-30,-7,29,145,-46,-45,11
Canada,Ontario,,,CA-ON,,ChIJrxNRX7IFzkwRCR5iKVZC-HA,2020-07-01,-47,-39,276,-59,-71,18
Canada,Ontario,,,CA-ON,,ChIJrxNRX7IFzkwRCR5iKVZC-HA,2020-07-02,-16,11,136,-49,-49,14
Canada,Ontario,,,CA-ON,,ChIJrxNRX7IFzkwRCR5iKVZC-HA,2020-07-03,-22,4,157,-49,-51,15
Canada,Ontario,,,CA-ON,,ChIJrxNRX7IFzkwRCR5iKVZC-HA,2020-07-04,-25,-3,203,-34,-9,4
Canada,Ontario,,,CA-ON,,ChIJrxNRX7IFzkwRCR5iKVZC-HA,2020-07-05,-20,-7,184,-36,-8,2
Canada,Ontario,,,CA-ON,,ChIJrxNRX7IFzkwRCR5iKVZC-HA,2020-07-06,-19,2,135,-50,-47,14
Canada,Ontario,,,CA-ON,,ChIJrxNRX7IFzkwRCR5iKVZC-HA,2020-07-07,-20,3,120,-49,-46,14
Canada,Ontario,,,CA-ON,,ChIJrxNRX7IFzkwRCR5iKVZC-HA,2020-07-08,-20,1,106,-50,-46,14
Canada,Ontario,,,CA-ON,,ChIJrxNRX7IFzkwRCR5iKVZC-HA,2020-07-09,-20,4,121,-49,-45,14
Canada,Ontario,,,CA-ON,,ChIJrxNRX7IFzkwRCR5iKVZC-HA,2020-07-10,-25,-2,108,-49,-45,14
Canada,Ontario,,,CA-ON,,ChIJrxNRX7IFzkwRCR5iKVZC-HA,2020-07-11,-26,-3,88,-38,-9,6
Canada,Ontario,,,CA-ON,,ChIJrxNRX7IFzkwRCR5iKVZC-HA,2020-07-12,-18,-5,180,-35,-6,3
Canada,Ontario,,,CA-ON,,ChIJrxNRX7IFzkwRCR5iKVZC-HA,2020-07-13,-19,-1,126,-50,-46,13
Canada,Ontario,,,CA-ON,,ChIJrxNRX7IFzkwRCR5iKVZC-HA,2020-07-14,-19,2,142,-49,-45,13
Canada,Ontario,,,CA-ON,,ChIJrxNRX7IFzkwRCR5iKVZC-HA,2020-07-15,-18,1,133,-50,-45,13
Canada,Ontario,,,CA-ON,,ChIJrxNRX7IFzkwRCR5iKVZC-HA,2020-07-16,-21,2,69,-51,-45,15
Canada,Ontario,,,CA-ON,,ChIJrxNRX7IFzkwRCR5iKVZC-HA,2020-07-17,-21,0,162,-47,-43,12
Canada,Ontario,,,CA-ON,,ChIJrxNRX7IFzkwRCR5iKVZC-HA,2020-07-18,-22,-2,210,-32,-6,3
Canada,Ontario,,,CA-ON,,ChIJrxNRX7IFzkwRCR5iKVZC-HA,2020-07-19,-23,-9,111,-40,-10,4
Canada,Ontario,,,CA-ON,,ChIJrxNRX7IFzkwRCR5iKVZC-HA,2020-07-20,-17,3,154,-49,-46,12
Canada,Ontario,,,CA-ON,,ChIJrxNRX7IFzkwRCR5iKVZC-HA,2020-07-21,-18,3,145,-49,-45,13
Canada,Ontario,,,CA-ON,,ChIJrxNRX7IFzkwRCR5iKVZC-HA,2020-07-22,-21,-2,68,-52,-45,15
Canada,Ontario,,,CA-ON,,ChIJrxNRX7IFzkwRCR5iKVZC-HA,2020-07-23,-18,4,148,-48,-44,13
Canada,Ontario,,,CA-ON,,ChIJrxNRX7IFzkwRCR5iKVZC-HA,2020-07-24,-22,-1,165,-47,-43,12
Canada,Ontario,,,CA-ON,,ChIJrxNRX7IFzkwRCR5iKVZC-HA,2020-07-25,-22,-3,220,-31,-5,2
Canada,Ontario,,,CA-ON,,ChIJrxNRX7IFzkwRCR5iKVZC-HA,2020-07-26,-17,-6,191,-35,-6,2
Canada,Ontario,,,CA-ON,,ChIJrxNRX7IFzkwRCR5iKVZC-HA,2020-07-27,-20,-1,109,-51,-47,13
Canada,Ontario,,,CA-ON,,ChIJrxNRX7IFzkwRCR5iKVZC-HA,2020-07-28,-18,4,147,-49,-45,12
Canada,Ontario,,,CA-ON,,ChIJrxNRX7IFzkwRCR5iKVZC-HA,2020-07-29,-16,2,125,-49,-45,13
Canada,Ontario,,,CA-ON,,ChIJrxNRX7IFzkwRCR5iKVZC-HA,2020-07-30,-14,7,155,-46,-45,12
Canada,Ontario,,,CA-ON,,ChIJrxNRX7IFzkwRCR5iKVZC-HA,2020-07-31,-17,4,180,-43,-45,10
Canada,Ontario,,,CA-ON,,ChIJrxNRX7IFzkwRCR5iKVZC-HA,2020-08-01,-21,-3,229,-28,-9,1
Canada,Ontario,,,CA-ON,,ChIJrxNRX7IFzkwRCR5iKVZC-HA,2020-08-02,-18,-6,86,-40,-14,4
Canada,Ontario,,,CA-ON,,ChIJrxNRX7IFzkwRCR5iKVZC-HA,2020-08-03,-30,-23,178,-61,-74,18
Canada,Ontario,,,CA-ON,,ChIJrxNRX7IFzkwRCR5iKVZC-HA,2020-08-04,-18,3,63,-50,-47,13
Canada,Ontario,,,CA-ON,,ChIJrxNRX7IFzkwRCR5iKVZC-HA,2020-08-05,-13,5,148,-47,-45,12
Canada,Ontario,,,CA-ON,,ChIJrxNRX7IFzkwRCR5iKVZC-HA,2020-08-06,-13,4,173,-46,-44,12
Canada,Ontario,,,CA-ON,,ChIJrxNRX7IFzkwRCR5iKVZC-HA,2020-08-07,-19,-3,169,-45,-43,11
Canada,Ontario,,,CA-ON,,ChIJrxNRX7IFzkwRCR5iKVZC-HA,2020-08-08,-18,-4,232,-28,-5,1
Canada,Ontario,,,CA-ON,,ChIJrxNRX7IFzkwRCR5iKVZC-HA,2020-08-09,-14,-7,180,-33,-6,1
Canada,Ontario,,,CA-ON,,ChIJrxNRX7IFzkwRCR5iKVZC-HA,2020-08-10,-16,-2,142,-50,-45,12
Canada,Ontario,,,CA-ON,,ChIJrxNRX7IFzkwRCR5iKVZC-HA,2020-08-11,-16,1,128,-49,-44,12
Canada,Ontario,,,CA-ON,,ChIJrxNRX7IFzkwRCR5iKVZC-HA,2020-08-12,-14,0,155,-48,-44,12
Canada,Ontario,,,CA-ON,,ChIJrxNRX7IFzkwRCR5iKVZC-HA,2020-08-13,-14,2,164,-47,-44,12
Canada,Ontario,,,CA-ON,,ChIJrxNRX7IFzkwRCR5iKVZC-HA,2020-08-14,-18,-2,165,-45,-43,10
Canada,Ontario,,,CA-ON,,ChIJrxNRX7IFzkwRCR5iKVZC-HA,2020-08-15,-18,-4,225,-28,-5,1
Canada,Ontario,,,CA-ON,,ChIJrxNRX7IFzkwRCR5iKVZC-HA,2020-08-16,-15,-7,127,-35,-8,2
Canada,Ontario,,,CA-ON,,ChIJrxNRX7IFzkwRCR5iKVZC-HA,2020-08-17,-18,-4,107,-50,-45,12
Canada,Ontario,,,CA-ON,,ChIJrxNRX7IFzkwRCR5iKVZC-HA,2020-08-18,-15,1,136,-48,-43,11
Canada,Ontario,,,CA-ON,,ChIJrxNRX7IFzkwRCR5iKVZC-HA,2020-08-19,-14,-1,140,-48,-43,12
Canada,Ontario,,,CA-ON,,ChIJrxNRX7IFzkwRCR5iKVZC-HA,2020-08-20,-13,3,149,-46,-43,11
Canada,Ontario,,,CA-ON,,ChIJrxNRX7IFzkwRCR5iKVZC-HA,2020-08-21,-18,-3,148,-45,-42,10
Canada,Ontario,,,CA-ON,,ChIJrxNRX7IFzkwRCR5iKVZC-HA,2020-08-22,-18,-4,210,-29,-4,1
Canada,Ontario,,,CA-ON,,ChIJrxNRX7IFzkwRCR5iKVZC-HA,2020-08-23,-13,-7,180,-32,-5,0
Canada,Ontario,,,CA-ON,,ChIJrxNRX7IFzkwRCR5iKVZC-HA,2020-08-24,-16,-3,134,-49,-44,11
Canada,Ontario,,,CA-ON,,ChIJrxNRX7IFzkwRCR5iKVZC-HA,2020-08-25,-15,2,141,-47,-43,11
Canada,Ontario,,,CA-ON,,ChIJrxNRX7IFzkwRCR5iKVZC-HA,2020-08-26,-16,-2,94,-48,-43,12
Canada,Ontario,,,CA-ON,,ChIJrxNRX7IFzkwRCR5iKVZC-HA,2020-08-27,-14,2,114,-46,-42,12
Canada,Ontario,,,CA-ON,,ChIJrxNRX7IFzkwRCR5iKVZC-HA,2020-08-28,-18,-3,122,-45,-41,11
Canada,Ontario,,,CA-ON,,ChIJrxNRX7IFzkwRCR5iKVZC-HA,2020-08-29,-17,-1,132,-30,-6,2
Canada,Ontario,,,CA-ON,,ChIJrxNRX7IFzkwRCR5iKVZC-HA,2020-08-30,-10,-4,193,-28,-4,0
Canada,Ontario,,,CA-ON,,ChIJrxNRX7IFzkwRCR5iKVZC-HA,2020-08-31,-12,1,142,-46,-43,10
Canada,Ontario,,,CA-ON,,ChIJrxNRX7IFzkwRCR5iKVZC-HA,2020-09-01,-13,3,122,-45,-43,10
Canada,Ontario,,,CA-ON,,ChIJrxNRX7IFzkwRCR5iKVZC-HA,2020-09-02,-14,-1,87,-48,-43,12
Canada,Ontario,,,CA-ON,,ChIJrxNRX7IFzkwRCR5iKVZC-HA,2020-09-03,-12,3,138,-44,-42,10
Canada,Ontario,,,CA-ON,,ChIJrxNRX7IFzkwRCR5iKVZC-HA,2020-09-04,-13,2,142,-42,-43,9
Canada,Ontario,,,CA-ON,,ChIJrxNRX7IFzkwRCR5iKVZC-HA,2020-09-05,-16,0,176,-29,-9,1
Canada,Ontario,,,CA-ON,,ChIJrxNRX7IFzkwRCR5iKVZC-HA,2020-09-06,-3,2,235,-28,-8,-1
Canada,Ontario,,,CA-ON,,ChIJrxNRX7IFzkwRCR5iKVZC-HA,2020-09-07,-43,-42,119,-63,-80,20
Canada,Ontario,,,CA-ON,,ChIJrxNRX7IFzkwRCR5iKVZC-HA,2020-09-08,-13,11,53,-47,-44,11
Canada,Ontario,,,CA-ON,,ChIJrxNRX7IFzkwRCR5iKVZC-HA,2020-09-09,-16,0,63,-48,-42,12
Canada,Ontario,,,CA-ON,,ChIJrxNRX7IFzkwRCR5iKVZC-HA,2020-09-10,-14,2,85,-46,-41,11
Canada,Ontario,,,CA-ON,,ChIJrxNRX7IFzkwRCR5iKVZC-HA,2020-09-11,-17,-3,111,-44,-39,10
Canada,Ontario,,,CA-ON,,ChIJrxNRX7IFzkwRCR5iKVZC-HA,2020-09-12,-14,0,165,-28,-2,2
Canada,Ontario,,,CA-ON,,ChIJrxNRX7IFzkwRCR5iKVZC-HA,2020-09-13,-13,-4,103,-34,-6,3
Canada,Ontario,,,CA-ON,,ChIJrxNRX7IFzkwRCR5iKVZC-HA,2020-09-14,-15,-2,91,-48,-39,11
Canada,Ontario,,,CA-ON,,ChIJrxNRX7IFzkwRCR5iKVZC-HA,2020-09-15,-15,0,82,-47,-38,11
Canada,Ontario,,,CA-ON,,ChIJrxNRX7IFzkwRCR5iKVZC-HA,2020-09-16,-16,-4,93,-47,-39,11
Canada,Ontario,,,CA-ON,,ChIJrxNRX7IFzkwRCR5iKVZC-HA,2020-09-17,-16,-1,91,-46,-39,11
Canada,Ontario,,,CA-ON,,ChIJrxNRX7IFzkwRCR5iKVZC-HA,2020-09-18,-18,-5,83,-45,-37,10
Canada,Ontario,,,CA-ON,,ChIJrxNRX7IFzkwRCR5iKVZC-HA,2020-09-19,-15,-1,133,-32,-3,3
Canada,Ontario,,,CA-ON,,ChIJrxNRX7IFzkwRCR5iKVZC-HA,2020-09-20,-11,-3,139,-35,-3,2
Canada,Ontario,,,CA-ON,,ChIJrxNRX7IFzkwRCR5iKVZC-HA,2020-09-21,-18,-4,82,-49,-40,11
Canada,Ontario,,,CA-ON,,ChIJrxNRX7IFzkwRCR5iKVZC-HA,2020-09-22,-19,-1,78,-48,-39,11
Canada,Ontario,,,CA-ON,,ChIJrxNRX7IFzkwRCR5iKVZC-HA,2020-09-23,-19,-2,82,-48,-38,12
Canada,Ontario,,,CA-ON,,ChIJrxNRX7IFzkwRCR5iKVZC-HA,2020-09-24,-20,-1,68,-48,-38,12
Canada,Ontario,,,CA-ON,,ChIJrxNRX7IFzkwRCR5iKVZC-HA,2020-09-25,-21,-4,95,-47,-36,11
Canada,Ontario,,,CA-ON,,ChIJrxNRX7IFzkwRCR5iKVZC-HA,2020-09-26,-16,0,159,-34,0,2
Canada,Ontario,,,CA-ON,,ChIJrxNRX7IFzkwRCR5iKVZC-HA,2020-09-27,-13,-3,143,-36,-2,2
Canada,Ontario,,,CA-ON,,ChIJrxNRX7IFzkwRCR5iKVZC-HA,2020-09-28,-21,-3,65,-51,-38,12
Canada,Ontario,,,CA-ON,,ChIJrxNRX7IFzkwRCR5iKVZC-HA,2020-09-29,-20,0,45,-50,-37,12
Canada,Ontario,,,CA-ON,,ChIJrxNRX7IFzkwRCR5iKVZC-HA,2020-09-30,-20,-1,12,-51,-38,13
Canada,Ontario,,,CA-ON,,ChIJrxNRX7IFzkwRCR5iKVZC-HA,2020-10-01,-18,3,46,-49,-36,12
Canada,Ontario,,,CA-ON,,ChIJrxNRX7IFzkwRCR5iKVZC-HA,2020-10-02,-23,-4,36,-49,-35,12
Canada,Ontario,,,CA-ON,,ChIJrxNRX7IFzkwRCR5iKVZC-HA,2020-10-03,-18,-1,100,-35,-3,4
Canada,Ontario,,,CA-ON,,ChIJrxNRX7IFzkwRCR5iKVZC-HA,2020-10-04,-20,-5,15,-44,-8,5
Canada,Ontario,,,CA-ON,,ChIJrxNRX7IFzkwRCR5iKVZC-HA,2020-10-05,-21,-1,55,-50,-38,12
Canada,Ontario,,,CA-ON,,ChIJrxNRX7IFzkwRCR5iKVZC-HA,2020-10-06,-21,1,50,-50,-37,12
Canada,Ontario,,,CA-ON,,ChIJrxNRX7IFzkwRCR5iKVZC-HA,2020-10-07,-22,-1,22,-52,-38,13
Canada,Ontario,,,CA-ON,,ChIJrxNRX7IFzkwRCR5iKVZC-HA,2020-10-08,-20,5,46,-49,-36,12
Canada,Ontario,,,CA-ON,,ChIJrxNRX7IFzkwRCR5iKVZC-HA,2020-10-09,-20,6,74,-46,-36,11
Canada,Ontario,,,CA-ON,,ChIJrxNRX7IFzkwRCR5iKVZC-HA,2020-10-10,-23,4,117,-37,-5,4
Canada,Ontario,,,CA-ON,,ChIJrxNRX7IFzkwRCR5iKVZC-HA,2020-10-11,-21,1,112,-42,-8,3
Canada,Ontario,,,CA-ON,,ChIJrxNRX7IFzkwRCR5iKVZC-HA,2020-10-12,-58,-51,106,-70,-80,22
Canada,Ontario,,,CA-ON,,ChIJrxNRX7IFzkwRCR5iKVZC-HA,2020-10-13,-23,4,56,-50,-38,12
Canada,Ontario,,,CA-ON,,ChIJrxNRX7IFzkwRCR5iKVZC-HA,2020-10-14,-23,-2,50,-50,-37,13
Canada,Ontario,,,CA-ON,,ChIJrxNRX7IFzkwRCR5iKVZC-HA,2020-10-15,-26,-5,-8,-53,-37,15
Canada,Ontario,,,CA-ON,,ChIJrxNRX7IFzkwRCR5iKVZC-HA,2020-10-16,-23,-3,43,-49,-35,13
Canada,Ontario,,,CA-ON,,ChIJrxNRX7IFzkwRCR5iKVZC-HA,2020-10-17,-19,0,109,-36,-3,5
Canada,Ontario,,,CA-ON,,ChIJrxNRX7IFzkwRCR5iKVZC-HA,2020-10-18,-21,-6,44,-44,-8,6
Canada,Ontario,,,CA-ON,,ChIJrxNRX7IFzkwRCR5iKVZC-HA,2020-10-19,-27,-8,-1,-55,-38,14
Canada,Ontario,,,CA-ON,,ChIJrxNRX7IFzkwRCR5iKVZC-HA,2020-10-20,-23,0,32,-51,-37,13
Canada,Ontario,,,CA-ON,,ChIJrxNRX7IFzkwRCR5iKVZC-HA,2020-10-21,-25,-5,15,-53,-37,14
Canada,Ontario,,,CA-ON,,ChIJrxNRX7IFzkwRCR5iKVZC-HA,2020-10-22,-24,-2,17,-50,-36,14
Canada,Ontario,,,CA-ON,,ChIJrxNRX7IFzkwRCR5iKVZC-HA,2020-10-23,-24,-6,75,-48,-34,12
Canada,Ontario,,,CA-ON,,ChIJrxNRX7IFzkwRCR5iKVZC-HA,2020-10-24,-21,0,58,-38,-4,6
Canada,Ontario,,,CA-ON,,ChIJrxNRX7IFzkwRCR5iKVZC-HA,2020-10-25,-20,-5,46,-43,-8,6
Canada,Ontario,,,CA-ON,,ChIJrxNRX7IFzkwRCR5iKVZC-HA,2020-10-26,-26,-6,7,-53,-38,14
Canada,Ontario,,,CA-ON,,ChIJrxNRX7IFzkwRCR5iKVZC-HA,2020-10-27,-26,-5,-6,-53,-36,13
Canada,Ontario,,,CA-ON,,ChIJrxNRX7IFzkwRCR5iKVZC-HA,2020-10-28,-22,0,27,-50,-36,13
Canada,Ontario,,,CA-ON,,ChIJrxNRX7IFzkwRCR5iKVZC-HA,2020-10-29,-22,0,3,-51,-35,14
Canada,Ontario,,,CA-ON,,ChIJrxNRX7IFzkwRCR5iKVZC-HA,2020-10-30,-23,-1,1,-49,-34,13
Canada,Ontario,,,CA-ON,,ChIJrxNRX7IFzkwRCR5iKVZC-HA,2020-10-31,-20,4,47,-36,-3,5
Canada,Ontario,,,CA-ON,,ChIJrxNRX7IFzkwRCR5iKVZC-HA,2020-11-01,-25,-8,-20,-47,-11,7
Canada,Ontario,,,CA-ON,,ChIJrxNRX7IFzkwRCR5iKVZC-HA,2020-11-02,-27,-8,-12,-55,-38,14
Canada,Ontario,,,CA-ON,,ChIJrxNRX7IFzkwRCR5iKVZC-HA,2020-11-03,-26,-4,-1,-53,-36,13
Canada,Ontario,,,CA-ON,,ChIJrxNRX7IFzkwRCR5iKVZC-HA,2020-11-04,-25,-6,35,-52,-36,13
Canada,Ontario,,,CA-ON,,ChIJrxNRX7IFzkwRCR5iKVZC-HA,2020-11-05,-24,-4,34,-51,-35,14
Canada,Ontario,,,CA-ON,,ChIJrxNRX7IFzkwRCR5iKVZC-HA,2020-11-06,-24,-6,49,-50,-34,13
Canada,Ontario,,,CA-ON,,ChIJrxNRX7IFzkwRCR5iKVZC-HA,2020-11-07,-18,-2,113,-35,-2,5
Canada,Ontario,,,CA-ON,,ChIJrxNRX7IFzkwRCR5iKVZC-HA,2020-11-08,-14,-4,130,-40,-5,4
Canada,Ontario,,,CA-ON,,ChIJrxNRX7IFzkwRCR5iKVZC-HA,2020-11-09,-23,-6,57,-53,-36,13
Canada,Ontario,,,CA-ON,,ChIJrxNRX7IFzkwRCR5iKVZC-HA,2020-11-10,-21,-1,60,-51,-35,12
Canada,Ontario,,,CA-ON,,ChIJrxNRX7IFzkwRCR5iKVZC-HA,2020-11-11,-21,-3,24,-53,-39,14
Canada,Ontario,,,CA-ON,,ChIJrxNRX7IFzkwRCR5iKVZC-HA,2020-11-12,-22,-2,19,-52,-35,14
Canada,Ontario,,,CA-ON,,ChIJrxNRX7IFzkwRCR5iKVZC-HA,2020-11-13,-24,-5,1,-51,-35,14
Canada,Ontario,,,CA-ON,,ChIJrxNRX7IFzkwRCR5iKVZC-HA,2020-11-14,-20,0,43,-40,-5,6
Canada,Ontario,,,CA-ON,,ChIJrxNRX7IFzkwRCR5iKVZC-HA,2020-11-15,-28,-15,-33,-52,-13,8
Canada,Ontario,,,CA-ON,,ChIJrxNRX7IFzkwRCR5iKVZC-HA,2020-11-16,-26,-8,-13,-56,-38,14
Canada,Ontario,,,CA-ON,,ChIJrxNRX7IFzkwRCR5iKVZC-HA,2020-11-17,-27,-7,-17,-55,-36,14
Canada,Ontario,,,CA-ON,,ChIJrxNRX7IFzkwRCR5iKVZC-HA,2020-11-18,-26,-8,-15,-55,-37,15
Canada,Ontario,,,CA-ON,,ChIJrxNRX7IFzkwRCR5iKVZC-HA,2020-11-19,-23,-3,8,-53,-35,14
Canada,Ontario,,,CA-ON,,ChIJrxNRX7IFzkwRCR5iKVZC-HA,2020-11-20,-22,-3,30,-50,-35,14
Canada,Ontario,,,CA-ON,,ChIJrxNRX7IFzkwRCR5iKVZC-HA,2020-11-21,-19,2,16,-40,-4,7
Canada,Ontario,,,CA-ON,,ChIJrxNRX7IFzkwRCR5iKVZC-HA,2020-11-22,-29,-16,-29,-51,-12,8
Canada,Ontario,,,CA-ON,,ChIJrxNRX7IFzkwRCR5iKVZC-HA,2020-11-23,-30,-11,-19,-58,-39,15
Canada,Ontario,,,CA-ON,,ChIJrxNRX7IFzkwRCR5iKVZC-HA,2020-11-24,-29,-6,-18,-57,-37,15
Canada,Ontario,,,CA-ON,,ChIJrxNRX7IFzkwRCR5iKVZC-HA,2020-11-25,-30,-11,-25,-58,-37,16
Canada,Ontario,,,CA-ON,,ChIJrxNRX7IFzkwRCR5iKVZC-HA,2020-11-26,-23,-1,-7,-55,-37,15
Canada,Ontario,,,CA-ON,,ChIJrxNRX7IFzkwRCR5iKVZC-HA,2020-11-27,-25,-5,-5,-53,-36,15
Canada,Ontario,,,CA-ON,,ChIJrxNRX7IFzkwRCR5iKVZC-HA,2020-11-28,-22,-1,30,-43,-5,7
Canada,Ontario,,,CA-ON,,ChIJrxNRX7IFzkwRCR5iKVZC-HA,2020-11-29,-21,-5,44,-48,-10,7
Canada,Ontario,,,CA-ON,,ChIJrxNRX7IFzkwRCR5iKVZC-HA,2020-11-30,-28,-10,-35,-59,-38,15
Canada,Ontario,,,CA-ON,,ChIJrxNRX7IFzkwRCR5iKVZC-HA,2020-12-01,-34,-12,-26,-58,-40,17
Canada,Ontario,,,CA-ON,,ChIJrxNRX7IFzkwRCR5iKVZC-HA,2020-12-02,-27,-4,-14,-56,-37,15
Canada,Ontario,,,CA-ON,,ChIJrxNRX7IFzkwRCR5iKVZC-HA,2020-12-03,-25,-1,-8,-55,-36,15
Canada,Ontario,,,CA-ON,,ChIJrxNRX7IFzkwRCR5iKVZC-HA,2020-12-04,-30,-9,-21,-56,-35,16
Canada,Ontario,,,CA-ON,,ChIJrxNRX7IFzkwRCR5iKVZC-HA,2020-12-05,-25,-1,4,-45,-6,8
Canada,Ontario,,,CA-ON,,ChIJrxNRX7IFzkwRCR5iKVZC-HA,2020-12-06,-25,-7,9,-51,-12,8
Canada,Ontario,,,CA-ON,,ChIJrxNRX7IFzkwRCR5iKVZC-HA,2020-12-07,-28,-7,-14,-58,-38,15
Canada,Ontario,,,CA-ON,,ChIJrxNRX7IFzkwRCR5iKVZC-HA,2020-12-08,-28,-4,-12,-57,-36,14
Canada,Ontario,,,CA-ON,,ChIJrxNRX7IFzkwRCR5iKVZC-HA,2020-12-09,-30,-9,-21,-57,-37,16
Canada,Ontario,,,CA-ON,,ChIJrxNRX7IFzkwRCR5iKVZC-HA,2020-12-10,-25,0,-3,-55,-36,15
Canada,Ontario,,,CA-ON,,ChIJrxNRX7IFzkwRCR5iKVZC-HA,2020-12-11,-25,-2,6,-54,-35,15
Canada,Ontario,,,CA-ON,,ChIJrxNRX7IFzkwRCR5iKVZC-HA,2020-12-12,-29,-4,-24,-49,-8,9
Canada,Ontario,,,CA-ON,,ChIJrxNRX7IFzkwRCR5iKVZC-HA,2020-12-13,-24,-5,3,-50,-11,8
Canada,Ontario,,,CA-ON,,ChIJrxNRX7IFzkwRCR5iKVZC-HA,2020-12-14,-29,-5,-16,-59,-39,15
Canada,Ontario,,,CA-ON,,ChIJrxNRX7IFzkwRCR5iKVZC-HA,2020-12-15,-27,-1,-18,-57,-38,15
Canada,Ontario,,,CA-ON,,ChIJrxNRX7IFzkwRCR5iKVZC-HA,2020-12-16,-29,-6,-32,-59,-38,16
Canada,Ontario,,,CA-ON,,ChIJrxNRX7IFzkwRCR5iKVZC-HA,2020-12-17,-25,3,-16,-56,-37,16
Canada,Ontario,,,CA-ON,,ChIJrxNRX7IFzkwRCR5iKVZC-HA,2020-12-18,-27,-1,-9,-55,-36,16
Canada,Ontario,,,CA-ON,,ChIJrxNRX7IFzkwRCR5iKVZC-HA,2020-12-19,-28,0,-2,-45,-8,8
Canada,Ontario,,,CA-ON,,ChIJrxNRX7IFzkwRCR5iKVZC-HA,2020-12-20,-25,-4,0,-49,-11,8
Canada,Ontario,,,CA-ON,,ChIJrxNRX7IFzkwRCR5iKVZC-HA,2020-12-21,-17,16,1,-57,-46,15
Canada,Ontario,,,CA-ON,,ChIJrxNRX7IFzkwRCR5iKVZC-HA,2020-12-22,-14,27,-2,-56,-46,15
Canada,Ontario,,,CA-ON,,ChIJrxNRX7IFzkwRCR5iKVZC-HA,2020-12-23,-10,39,4,-55,-48,15
Canada,Ontario,,,CA-ON,,ChIJrxNRX7IFzkwRCR5iKVZC-HA,2020-12-24,-26,29,-20,-62,-64,21
Canada,Ontario,,,CA-ON,,ChIJrxNRX7IFzkwRCR5iKVZC-HA,2020-12-25,-86,-79,-17,-83,-86,29
Canada,Ontario,,,CA-ON,,ChIJrxNRX7IFzkwRCR5iKVZC-HA,2020-12-26,-65,-48,-8,-67,-44,15
Canada,Ontario,,,CA-ON,,ChIJrxNRX7IFzkwRCR5iKVZC-HA,2020-12-27,-49,-28,17,-61,-27,11
Canada,Ontario,,,CA-ON,,ChIJrxNRX7IFzkwRCR5iKVZC-HA,2020-12-28,-45,-15,-8,-73,-72,26
Canada,Ontario,,,CA-ON,,ChIJrxNRX7IFzkwRCR5iKVZC-HA,2020-12-29,-39,-3,11,-66,-60,22
Canada,Ontario,,,CA-ON,,ChIJrxNRX7IFzkwRCR5iKVZC-HA,2020-12-30,-39,1,-27,-67,-61,24
Canada,Ontario,,,CA-ON,,ChIJrxNRX7IFzkwRCR5iKVZC-HA,2020-12-31,-31,19,18,-67,-65,23
Canada,Ontario,,,CA-ON,,ChIJrxNRX7IFzkwRCR5iKVZC-HA,2021-01-01,-79,-74,-1,-83,-85,33
Canada,Ontario,,,CA-ON,,ChIJrxNRX7IFzkwRCR5iKVZC-HA,2021-01-02,-51,-20,17,-60,-30,14
Canada,Ontario,,,CA-ON,,ChIJrxNRX7IFzkwRCR5iKVZC-HA,2021-01-03,-50,-24,2,-62,-24,12
Canada,Ontario,,,CA-ON,,ChIJrxNRX7IFzkwRCR5iKVZC-HA,2021-01-04,-45,-14,-14,-65,-47,19
Canada,Ontario,,,CA-ON,,ChIJrxNRX7IFzkwRCR5iKVZC-HA,2021-01-05,-44,-11,-17,-64,-47,19
Canada,Ontario,,,CA-ON,,ChIJrxNRX7IFzkwRCR5iKVZC-HA,2021-01-06,-46,-16,-18,-65,-47,20
Canada,Ontario,,,CA-ON,,ChIJrxNRX7IFzkwRCR5iKVZC-HA,2021-01-07,-45,-12,-7,-64,-46,20
Canada,Ontario,,,CA-ON,,ChIJrxNRX7IFzkwRCR5iKVZC-HA,2021-01-08,-47,-18,-15,-65,-45,21
Canada,Ontario,,,CA-ON,,ChIJrxNRX7IFzkwRCR5iKVZC-HA,2021-01-09,-45,-12,32,-58,-18,12
Canada,Ontario,,,CA-ON,,ChIJrxNRX7IFzkwRCR5iKVZC-HA,2021-01-10,-46,-18,15,-61,-22,11
Canada,Ontario,,,CA-ON,,ChIJrxNRX7IFzkwRCR5iKVZC-HA,2021-01-11,-48,-18,-20,-66,-46,19
Canada,Ontario,,,CA-ON,,ChIJrxNRX7IFzkwRCR5iKVZC-HA,2021-01-12,-47,-14,-24,-66,-46,19
Canada,Ontario,,,CA-ON,,ChIJrxNRX7IFzkwRCR5iKVZC-HA,2021-01-13,-45,-11,-21,-66,-47,19
Canada,Ontario,,,CA-ON,,ChIJrxNRX7IFzkwRCR5iKVZC-HA,2021-01-14,-54,-24,-22,-68,-49,21
Canada,Ontario,,,CA-ON,,ChIJrxNRX7IFzkwRCR5iKVZC-HA,2021-01-15,-54,-26,-31,-69,-49,22
Canada,Ontario,,,CA-ON,,ChIJrxNRX7IFzkwRCR5iKVZC-HA,2021-01-16,-54,-22,13,-64,-25,14
Canada,Ontario,,,CA-ON,,ChIJrxNRX7IFzkwRCR5iKVZC-HA,2021-01-17,-53,-27,0,-66,-27,12
Canada,Ontario,,,CA-ON,,ChIJrxNRX7IFzkwRCR5iKVZC-HA,2021-01-18,-53,-25,-21,-69,-50,20
Canada,Ontario,,,CA-ON,,ChIJrxNRX7IFzkwRCR5iKVZC-HA,2021-01-19,-52,-22,-27,-68,-50,20
Canada,Ontario,,,CA-ON,,ChIJrxNRX7IFzkwRCR5iKVZC-HA,2021-01-20,-51,-24,-33,-69,-49,21
Canada,Ontario,,,CA-ON,,ChIJrxNRX7IFzkwRCR5iKVZC-HA,2021-01-21,-50,-19,-20,-67,-49,21
Canada,Ontario,,,CA-ON,,ChIJrxNRX7IFzkwRCR5iKVZC-HA,2021-01-22,-51,-22,-30,-68,-48,22
Canada,Ontario,,,CA-ON,,ChIJrxNRX7IFzkwRCR5iKVZC-HA,2021-01-23,-50,-17,-4,-63,-23,13
Canada,Ontario,,,CA-ON,,ChIJrxNRX7IFzkwRCR5iKVZC-HA,2021-01-24,-51,-24,-1,-66,-26,12
Canada,Ontario,,,CA-ON,,ChIJrxNRX7IFzkwRCR5iKVZC-HA,2021-01-25,-50,-21,-10,-68,-48,19
Canada,Ontario,,,CA-ON,,ChIJrxNRX7IFzkwRCR5iKVZC-HA,2021-01-26,-58,-33,-35,-70,-50,21
Canada,Ontario,,,CA-ON,,ChIJrxNRX7IFzkwRCR5iKVZC-HA,2021-01-27,-49,-19,-19,-67,-48,20
Canada,Ontario,,,CA-ON,,ChIJrxNRX7IFzkwRCR5iKVZC-HA,2021-01-28,-50,-20,-32,-68,-48,21
Canada,Ontario,,,CA-ON,,ChIJrxNRX7IFzkwRCR5iKVZC-HA,2021-01-29,-49,-21,-32,-68,-47,21
Canada,Ontario,,,CA-ON,,ChIJrxNRX7IFzkwRCR5iKVZC-HA,2021-01-30,-47,-13,17,-62,-21,12
Canada,Ontario,,,CA-ON,,ChIJrxNRX7IFzkwRCR5iKVZC-HA,2021-01-31,-49,-21,-4,-67,-25,11
Canada,Ontario,,,CA-ON,,ChIJrxNRX7IFzkwRCR5iKVZC-HA,2021-02-01,-49,-21,-23,-69,-48,19
Canada,Ontario,,,CA-ON,,ChIJrxNRX7IFzkwRCR5iKVZC-HA,2021-02-02,-48,-18,-21,-68,-47,19
Canada,Ontario,,,CA-ON,,ChIJrxNRX7IFzkwRCR5iKVZC-HA,2021-02-03,-48,-19,-10,-68,-47,20
Canada,Ontario,,,CA-ON,,ChIJrxNRX7IFzkwRCR5iKVZC-HA,2021-02-04,-46,-14,5,-66,-46,20
Canada,Ontario,,,CA-ON,,ChIJrxNRX7IFzkwRCR5iKVZC-HA,2021-02-05,-52,-25,-37,-69,-47,22
Canada,Ontario,,,CA-ON,,ChIJrxNRX7IFzkwRCR5iKVZC-HA,2021-02-06,-49,-15,-12,-64,-20,13
Canada,Ontario,,,CA-ON,,ChIJrxNRX7IFzkwRCR5iKVZC-HA,2021-02-07,-48,-20,-3,-66,-23,11
Canada,Ontario,,,CA-ON,,ChIJrxNRX7IFzkwRCR5iKVZC-HA,2021-02-08,-50,-23,-26,-69,-46,19
Canada,Ontario,,,CA-ON,,ChIJrxNRX7IFzkwRCR5iKVZC-HA,2021-02-09,-48,-17,-19,-67,-45,19
Canada,Ontario,,,CA-ON,,ChIJrxNRX7IFzkwRCR5iKVZC-HA,2021-02-10,-46,-16,-24,-67,-45,19
Canada,Ontario,,,CA-ON,,ChIJrxNRX7IFzkwRCR5iKVZC-HA,2021-02-11,-44,-10,-17,-66,-44,19
Canada,Ontario,,,CA-ON,,ChIJrxNRX7IFzkwRCR5iKVZC-HA,2021-02-12,-46,-14,-29,-67,-45,20
Canada,Ontario,,,CA-ON,,ChIJrxNRX7IFzkwRCR5iKVZC-HA,2021-02-13,-45,-6,-19,-63,-22,12
Canada,Ontario,,,CA-ON,,ChIJrxNRX7IFzkwRCR5iKVZC-HA,2021-02-14,-35,0,47,-61,-21,9
Canada,Ontario,,,CA-ON,,ChIJrxNRX7IFzkwRCR5iKVZC-HA,2021-02-15,-67,-52,19,-80,-80,28
Canada,Ontario,,,CA-ON,,ChIJrxNRX7IFzkwRCR5iKVZC-HA,2021-02-16,-48,-19,-40,-66,-50,21
Canada,Ontario,,,CA-ON,,ChIJrxNRX7IFzkwRCR5iKVZC-HA,2021-02-17,-36,-5,-22,-63,-41,17
Canada,Ontario,,,CA-ON,,ChIJrxNRX7IFzkwRCR5iKVZC-HA,2021-02-18,-39,-11,-25,-63,-41,18
Canada,Ontario,,,CA-ON,,ChIJrxNRX7IFzkwRCR5iKVZC-HA,2021-02-19,-40,-15,-22,-63,-39,18
Canada,Ontario,,,CA-ON,,ChIJrxNRX7IFzkwRCR5iKVZC-HA,2021-02-20,-34,-5,27,-55,-13,10
Canada,Ontario,,,CA-ON,,ChIJrxNRX7IFzkwRCR5iKVZC-HA,2021-02-21,-34,-11,37,-58,-16,8
Canada,Ontario,,,CA-ON,,ChIJrxNRX7IFzkwRCR5iKVZC-HA,2021-02-22,-43,-21,-31,-65,-43,18
Canada,Ontario,,,CA-ON,,ChIJrxNRX7IFzkwRCR5iKVZC-HA,2021-02-23,-37,-9,-21,-63,-41,16
Canada,Ontario,,,CA-ON,,ChIJrxNRX7IFzkwRCR5iKVZC-HA,2021-02-24,-36,-12,-17,-63,-41,17
Canada,Ontario,,,CA-ON,,ChIJrxNRX7IFzkwRCR5iKVZC-HA,2021-02-25,-34,-8,-6,-62,-40,17
Canada,Ontario,,,CA-ON,,ChIJrxNRX7IFzkwRCR5iKVZC-HA,2021-02-26,-33,-7,-2,-60,-38,16
Canada,Ontario,,,CA-ON,,ChIJrxNRX7IFzkwRCR5iKVZC-HA,2021-02-27,-32,-6,17,-54,-13,9
Canada,Ontario,,,CA-ON,,ChIJrxNRX7IFzkwRCR5iKVZC-HA,2021-02-28,-32,-12,-5,-58,-15,8
Canada,Ontario,,,CA-ON,,ChIJrxNRX7IFzkwRCR5iKVZC-HA,2021-03-01,-38,-17,-30,-64,-41,17
Canada,Ontario,,,CA-ON,,ChIJrxNRX7IFzkwRCR5iKVZC-HA,2021-03-02,-36,-10,-20,-63,-40,16
Canada,Ontario,,,CA-ON,,ChIJrxNRX7IFzkwRCR5iKVZC-HA,2021-03-03,-34,-9,3,-61,-40,16
Canada,Ontario,,,CA-ON,,ChIJrxNRX7IFzkwRCR5iKVZC-HA,2021-03-04,-34,-9,-18,-62,-40,17
Canada,Ontario,,,CA-ON,,ChIJrxNRX7IFzkwRCR5iKVZC-HA,2021-03-05,-35,-11,-16,-62,-39,17
Canada,Ontario,,,CA-ON,,ChIJrxNRX7IFzkwRCR5iKVZC-HA,2021-03-06,-31,-6,6,-54,-12,9
Canada,Ontario,,,CA-ON,,ChIJrxNRX7IFzkwRCR5iKVZC-HA,2021-03-07,-30,-10,37,-56,-14,8
Canada,Ontario,,,CA-ON,,ChIJrxNRX7IFzkwRCR5iKVZC-HA,2021-03-08,-33,-12,-1,-62,-40,16
Canada,Ontario,,,CA-ON,,ChIJrxNRX7IFzkwRCR5iKVZC-HA,2021-03-09,-29,-6,28,-59,-39,15
Canada,Ontario,,,CA-ON,,ChIJrxNRX7IFzkwRCR5iKVZC-HA,2021-03-10,-28,-7,26,-59,-39,15
Canada,Ontario,,,CA-ON,,ChIJrxNRX7IFzkwRCR5iKVZC-HA,2021-03-11,-29,-6,11,-59,-39,16
Canada,Ontario,,,CA-ON,,ChIJrxNRX7IFzkwRCR5iKVZC-HA,2021-03-12,-29,-8,3,-58,-38,16
Canada,Ontario,,,CA-ON,,ChIJrxNRX7IFzkwRCR5iKVZC-HA,2021-03-13,-23,-1,46,-48,-10,7
Canada,Ontario,,,CA-ON,,ChIJrxNRX7IFzkwRCR5iKVZC-HA,2021-03-14,-26,-10,15,-55,-14,8
Canada,Ontario,,,CA-ON,,ChIJrxNRX7IFzkwRCR5iKVZC-HA,2021-03-15,-31,-11,-4,-61,-40,16
Canada,Ontario,,,CA-ON,,ChIJrxNRX7IFzkwRCR5iKVZC-HA,2021-03-16,-31,-7,-10,-60,-40,15
Canada,Ontario,,,CA-ON,,ChIJrxNRX7IFzkwRCR5iKVZC-HA,2021-03-17,-28,-6,24,-59,-39,15
Canada,Ontario,,,CA-ON,,ChIJrxNRX7IFzkwRCR5iKVZC-HA,2021-03-18,-29,-6,-8,-59,-39,16
Canada,Ontario,,,CA-ON,,ChIJrxNRX7IFzkwRCR5iKVZC-HA,2021-03-19,-27,-5,14,-57,-37,15
Canada,Ontario,,,CA-ON,,ChIJrxNRX7IFzkwRCR5iKVZC-HA,2021-03-20,-21,0,111,-45,-9,6
Canada,Ontario,,,CA-ON,,ChIJrxNRX7IFzkwRCR5iKVZC-HA,2021-03-21,-17,-4,127,-48,-11,6
Canada,Ontario,,,CA-ON,,ChIJrxNRX7IFzkwRCR5iKVZC-HA,2021-03-22,-25,-7,61,-58,-39,14
Canada,Ontario,,,CA-ON,,ChIJrxNRX7IFzkwRCR5iKVZC-HA,2021-03-23,-26,-4,44,-58,-39,14
Canada,Ontario,,,CA-ON,,ChIJrxNRX7IFzkwRCR5iKVZC-HA,2021-03-24,-27,-6,21,-59,-39,15
Canada,Ontario,,,CA-ON,,ChIJrxNRX7IFzkwRCR5iKVZC-HA,2021-03-25,-24,-1,62,-56,-38,15
Canada,Ontario,,,CA-ON,,ChIJrxNRX7IFzkwRCR5iKVZC-HA,2021-03-26,-31,-10,-19,-61,-38,17
Canada,Ontario,,,CA-ON,,ChIJrxNRX7IFzkwRCR5iKVZC-HA,2021-03-27,-22,0,46,-47,-9,7
Canada,Ontario,,,CA-ON,,ChIJrxNRX7IFzkwRCR5iKVZC-HA,2021-03-28,-28,-11,-24,-58,-14,9
Canada,Ontario,,,CA-ON,,ChIJrxNRX7IFzkwRCR5iKVZC-HA,2021-03-29,-26,-5,17,-60,-39,15
Canada,Ontario,,,CA-ON,,ChIJrxNRX7IFzkwRCR5iKVZC-HA,2021-03-30,-23,0,62,-57,-38,13
Canada,Ontario,,,CA-ON,,ChIJrxNRX7IFzkwRCR5iKVZC-HA,2021-03-31,-21,4,0,-58,-39,15
Canada,Ontario,,,CA-ON,,ChIJrxNRX7IFzkwRCR5iKVZC-HA,2021-04-01,-8,31,-5,-54,-39,13
Canada,Ontario,,,CA-ON,,ChIJrxNRX7IFzkwRCR5iKVZC-HA,2021-04-02,-55,-44,54,-73,-77,26
Canada,Ontario,,,CA-ON,,ChIJrxNRX7IFzkwRCR5iKVZC-HA,2021-04-03,-27,15,37,-53,-19,9
Canada,Ontario,,,CA-ON,,ChIJrxNRX7IFzkwRCR5iKVZC-HA,2021-04-04,-53,-47,142,-58,-27,7
Canada,Ontario,,,CA-ON,,ChIJrxNRX7IFzkwRCR5iKVZC-HA,2021-04-05,-28,-3,56,-63,-52,17
Canada,Ontario,,,CA-ON,,ChIJrxNRX7IFzkwRCR5iKVZC-HA,2021-04-06,-31,-1,40,-59,-41,15
Canada,Ontario,,,CA-ON,,ChIJrxNRX7IFzkwRCR5iKVZC-HA,2021-04-07,-21,5,60,-58,-42,15
Canada,Ontario,,,CA-ON,,ChIJrxNRX7IFzkwRCR5iKVZC-HA,2021-04-08,-39,-7,75,-60,-42,17
Canada,Ontario,,,CA-ON,,ChIJrxNRX7IFzkwRCR5iKVZC-HA,2021-04-09,-41,-10,43,-62,-41,18
Canada,Ontario,,,CA-ON,,ChIJrxNRX7IFzkwRCR5iKVZC-HA,2021-04-10,-39,-7,129,-54,-16,9
Canada,Ontario,,,CA-ON,,ChIJrxNRX7IFzkwRCR5iKVZC-HA,2021-04-11,-43,-16,23,-62,-21,10
Canada,Ontario,,,CA-ON,,ChIJrxNRX7IFzkwRCR5iKVZC-HA,2021-04-12,-41,-11,-3,-65,-48,18
Canada,Ontario,,,CA-ON,,ChIJrxNRX7IFzkwRCR5iKVZC-HA,2021-04-13,-38,-4,60,-62,-47,17
Canada,Ontario,,,CA-ON,,ChIJrxNRX7IFzkwRCR5iKVZC-HA,2021-04-14,-37,-5,62,-62,-47,17
Canada,Ontario,,,CA-ON,,ChIJrxNRX7IFzkwRCR5iKVZC-HA,2021-04-15,-39,-6,1,-63,-47,19
Canada,Ontario,,,CA-ON,,ChIJrxNRX7IFzkwRCR5iKVZC-HA,2021-04-16,-41,-9,1,-64,-46,19
Canada,Ontario,,,CA-ON,,ChIJrxNRX7IFzkwRCR5iKVZC-HA,2021-04-17,-46,-12,35,-60,-20,12
Canada,Ontario,,,CA-ON,,ChIJrxNRX7IFzkwRCR5iKVZC-HA,2021-04-18,-43,-15,60,-61,-21,10
Canada,Ontario,,,CA-ON,,ChIJrxNRX7IFzkwRCR5iKVZC-HA,2021-04-19,-45,-18,21,-67,-48,18
Canada,Ontario,,,CA-ON,,ChIJrxNRX7IFzkwRCR5iKVZC-HA,2021-04-20,-41,-6,-11,-65,-47,19
Canada,Ontario,,,CA-ON,,ChIJrxNRX7IFzkwRCR5iKVZC-HA,2021-04-21,-45,-13,-21,-66,-49,20
Canada,Ontario,,,CA-ON,,ChIJrxNRX7IFzkwRCR5iKVZC-HA,2021-04-22,-42,-7,-7,-64,-47,20
Canada,Ontario,,,CA-ON,,ChIJrxNRX7IFzkwRCR5iKVZC-HA,2021-04-23,-39,-7,63,-62,-45,19
Canada,Ontario,,,CA-ON,,ChIJrxNRX7IFzkwRCR5iKVZC-HA,2021-04-24,-38,-4,107,-56,-17,10
Canada,Ontario,,,CA-ON,,ChIJrxNRX7IFzkwRCR5iKVZC-HA,2021-04-25,-40,-11,40,-62,-21,10
Canada,Ontario,,,CA-ON,,ChIJrxNRX7IFzkwRCR5iKVZC-HA,2021-04-26,-39,-9,33,-64,-47,18
Canada,Ontario,,,CA-ON,,ChIJrxNRX7IFzkwRCR5iKVZC-HA,2021-04-27,-39,-5,43,-63,-46,17
Canada,Ontario,,,CA-ON,,ChIJrxNRX7IFzkwRCR5iKVZC-HA,2021-04-28,-39,-6,19,-63,-47,19
Canada,Ontario,,,CA-ON,,ChIJrxNRX7IFzkwRCR5iKVZC-HA,2021-04-29,-39,-5,-13,-64,-47,20
Canada,Ontario,,,CA-ON,,ChIJrxNRX7IFzkwRCR5iKVZC-HA,2021-04-30,-38,-5,-4,-63,-45,19
Canada,Ontario,,,CA-ON,,ChIJrxNRX7IFzkwRCR5iKVZC-HA,2021-05-01,-35,1,89,-53,-17,9
Canada,Ontario,,,CA-ON,,ChIJrxNRX7IFzkwRCR5iKVZC-HA,2021-05-02,-36,-7,79,-59,-20,9
Canada,Ontario,,,CA-ON,,ChIJrxNRX7IFzkwRCR5iKVZC-HA,2021-05-03,-39,-8,-4,-64,-47,18
Canada,Ontario,,,CA-ON,,ChIJrxNRX7IFzkwRCR5iKVZC-HA,2021-05-04,-39,-3,8,-63,-47,18
Canada,Ontario,,,CA-ON,,ChIJrxNRX7IFzkwRCR5iKVZC-HA,2021-05-05,-37,-2,22,-62,-47,18
Canada,Ontario,,,CA-ON,,ChIJrxNRX7IFzkwRCR5iKVZC-HA,2021-05-06,-34,2,71,-60,-46,17
Canada,Ontario,,,CA-ON,,ChIJrxNRX7IFzkwRCR5iKVZC-HA,2021-05-07,-36,-1,38,-62,-45,18
Canada,Ontario,,,CA-ON,,ChIJrxNRX7IFzkwRCR5iKVZC-HA,2021-05-08,-32,13,87,-53,-16,9
Canada,Ontario,,,CA-ON,,ChIJrxNRX7IFzkwRCR5iKVZC-HA,2021-05-09,-25,6,93,-56,-15,7
Canada,Ontario,,,CA-ON,,ChIJrxNRX7IFzkwRCR5iKVZC-HA,2021-05-10,-37,-6,43,-63,-47,17
Canada,Ontario,,,CA-ON,,ChIJrxNRX7IFzkwRCR5iKVZC-HA,2021-05-11,-37,-1,20,-63,-46,17
Canada,Ontario,,,CA-ON,,ChIJrxNRX7IFzkwRCR5iKVZC-HA,2021-05-12,-32,4,87,-60,-46,16
Canada,Ontario,,,CA-ON,,ChIJrxNRX7IFzkwRCR5iKVZC-HA,2021-05-13,-30,5,116,-58,-46,16
Canada,Ontario,,,CA-ON,,ChIJrxNRX7IFzkwRCR5iKVZC-HA,2021-05-14,-31,2,107,-58,-44,16
Canada,Ontario,,,CA-ON,,ChIJrxNRX7IFzkwRCR5iKVZC-HA,2021-05-15,-30,5,159,-49,-18,7
Canada,Ontario,,,CA-ON,,ChIJrxNRX7IFzkwRCR5iKVZC-HA,2021-05-16,-25,2,170,-51,-16,6
Canada,Ontario,,,CA-ON,,ChIJrxNRX7IFzkwRCR5iKVZC-HA,2021-05-17,-30,2,102,-60,-45,15
Canada,Ontario,,,CA-ON,,ChIJrxNRX7IFzkwRCR5iKVZC-HA,2021-05-18,-30,6,105,-59,-44,15
Canada,Ontario,,,CA-ON,,ChIJrxNRX7IFzkwRCR5iKVZC-HA,2021-05-19,-29,5,92,-60,-45,16
Canada,Ontario,,,CA-ON,,ChIJrxNRX7IFzkwRCR5iKVZC-HA,2021-05-20,-27,12,95,-59,-44,16
Canada,Ontario,,,CA-ON,,ChIJrxNRX7IFzkwRCR5iKVZC-HA,2021-05-21,-29,10,109,-58,-44,15
Canada,Ontario,,,CA-ON,,ChIJrxNRX7IFzkwRCR5iKVZC-HA,2021-05-22,-31,6,138,-51,-18,7
Canada,Ontario,,,CA-ON,,ChIJrxNRX7IFzkwRCR5iKVZC-HA,2021-05-23,-21,9,204,-52,-18,4
Canada,Ontario,,,CA-ON,,ChIJrxNRX7IFzkwRCR5iKVZC-HA,2021-05-24,-44,-34,254,-71,-80,21
Canada,Ontario,,,CA-ON,,ChIJrxNRX7IFzkwRCR5iKVZC-HA,2021-05-25,-29,15,78,-60,-44,15
Canada,Ontario,,,CA-ON,,ChIJrxNRX7IFzkwRCR5iKVZC-HA,2021-05-26,-31,6,52,-61,-44,16
Canada,Ontario,,,CA-ON,,ChIJrxNRX7IFzkwRCR5iKVZC-HA,2021-05-27,-28,10,87,-59,-43,15
Canada,Ontario,,,CA-ON,,ChIJrxNRX7IFzkwRCR5iKVZC-HA,2021-05-28,-35,-3,5,-63,-41,18
Canada,Ontario,,,CA-ON,,ChIJrxNRX7IFzkwRCR5iKVZC-HA,2021-05-29,-28,11,147,-50,-10,6
Canada,Ontario,,,CA-ON,,ChIJrxNRX7IFzkwRCR5iKVZC-HA,2021-05-30,-23,4,192,-52,-12,5
Canada,Ontario,,,CA-ON,,ChIJrxNRX7IFzkwRCR5iKVZC-HA,2021-05-31,-26,7,112,-59,-43,14
Canada,Ontario,,,CA-ON,,ChIJrxNRX7IFzkwRCR5iKVZC-HA,2021-06-01,-27,12,113,-59,-43,14
Canada,Ontario,,,CA-ON,,ChIJrxNRX7IFzkwRCR5iKVZC-HA,2021-06-02,-28,8,94,-59,-43,15
Canada,Ontario,,,CA-ON,,ChIJrxNRX7IFzkwRCR5iKVZC-HA,2021-06-03,-28,12,82,-59,-42,16
Canada,Ontario,,,CA-ON,,ChIJrxNRX7IFzkwRCR5iKVZC-HA,2021-06-04,-28,10,129,-57,-40,14
Canada,Ontario,,,CA-ON,,ChIJrxNRX7IFzkwRCR5iKVZC-HA,2021-06-05,-28,9,200,-47,-11,5
Canada,Ontario,,,CA-ON,,ChIJrxNRX7IFzkwRCR5iKVZC-HA,2021-06-06,-24,3,205,-50,-13,3
Canada,Ontario,,,CA-ON,,ChIJrxNRX7IFzkwRCR5iKVZC-HA,2021-06-07,-29,5,100,-60,-43,14
Canada,Ontario,,,CA-ON,,ChIJrxNRX7IFzkwRCR5iKVZC-HA,2021-06-08,-30,12,60,-61,-42,15
Canada,Ontario,,,CA-ON,,ChIJrxNRX7IFzkwRCR5iKVZC-HA,2021-06-09,-28,8,102,-59,-42,15
Canada,Ontario,,,CA-ON,,ChIJrxNRX7IFzkwRCR5iKVZC-HA,2021-06-10,-26,14,133,-57,-41,14
Canada,Ontario,,,CA-ON,,ChIJrxNRX7IFzkwRCR5iKVZC-HA,2021-06-11,-16,11,113,-55,-40,12
Canada,Ontario,,,CA-ON,,ChIJrxNRX7IFzkwRCR5iKVZC-HA,2021-06-12,-15,10,205,-42,-10,2
Canada,Ontario,,,CA-ON,,ChIJrxNRX7IFzkwRCR5iKVZC-HA,2021-06-13,-11,3,171,-47,-11,2
Canada,Ontario,,,CA-ON,,ChIJrxNRX7IFzkwRCR5iKVZC-HA,2021-06-14,-18,4,56,-59,-43,14
Canada,Ontario,,,CA-ON,,ChIJrxNRX7IFzkwRCR5iKVZC-HA,2021-06-15,-15,17,109,-56,-41,12
Canada,Ontario,,,CA-ON,,ChIJrxNRX7IFzkwRCR5iKVZC-HA,2021-06-16,-15,9,105,-56,-42,12
Canada,Ontario,,,CA-ON,,ChIJrxNRX7IFzkwRCR5iKVZC-HA,2021-06-17,-15,13,131,-55,-41,12
Canada,Ontario,,,CA-ON,,ChIJrxNRX7IFzkwRCR5iKVZC-HA,2021-06-18,-20,12,72,-57,-41,13
Canada,Ontario,,,CA-ON,,ChIJrxNRX7IFzkwRCR5iKVZC-HA,2021-06-19,-16,13,186,-42,-10,2
Canada,Ontario,,,CA-ON,,ChIJrxNRX7IFzkwRCR5iKVZC-HA,2021-06-20,-9,5,197,-45,-11,0
Canada,Ontario,,,CA-ON,,ChIJrxNRX7IFzkwRCR5iKVZC-HA,2021-06-21,-20,3,77,-59,-44,14
Canada,Ontario,,,CA-ON,,ChIJrxNRX7IFzkwRCR5iKVZC-HA,2021-06-22,-17,15,101,-57,-42,12
Canada,Ontario,,,CA-ON,,ChIJrxNRX7IFzkwRCR5iKVZC-HA,2021-06-23,-16,7,116,-56,-42,12
Canada,Ontario,,,CA-ON,,ChIJrxNRX7IFzkwRCR5iKVZC-HA,2021-06-24,-14,12,133,-54,-42,12
Canada,Ontario,,,CA-ON,,ChIJrxNRX7IFzkwRCR5iKVZC-HA,2021-06-25,-22,3,58,-56,-41,13
Canada,Ontario,,,CA-ON,,ChIJrxNRX7IFzkwRCR5iKVZC-HA,2021-06-26,-19,8,109,-47,-11,5
Canada,Ontario,,,CA-ON,,ChIJrxNRX7IFzkwRCR5iKVZC-HA,2021-06-27,-11,3,177,-42,-10,2
Canada,Ontario,,,CA-ON,,ChIJrxNRX7IFzkwRCR5iKVZC-HA,2021-06-28,-13,8,124,-57,-44,10
Canada,Ontario,,,CA-ON,,ChIJrxNRX7IFzkwRCR5iKVZC-HA,2021-06-29,-19,6,59,-59,-44,11
Canada,Ontario,,,CA-ON,,ChIJrxNRX7IFzkwRCR5iKVZC-HA,2021-06-30,3,38,120,-50,-44,9
Canada,Ontario,,,CA-ON,,ChIJrxNRX7IFzkwRCR5iKVZC-HA,2021-07-01,-34,-27,265,-60,-73,17
Canada,Ontario,,,CA-ON,,ChIJrxNRX7IFzkwRCR5iKVZC-HA,2021-07-02,-14,20,125,-56,-57,14
Canada,Ontario,,,CA-ON,,ChIJrxNRX7IFzkwRCR5iKVZC-HA,2021-07-03,-16,7,231,-39,-16,1
Canada,Ontario,,,CA-ON,,ChIJrxNRX7IFzkwRCR5iKVZC-HA,2021-07-04,-7,2,216,-37,-11,-1
Canada,Ontario,,,CA-ON,,ChIJrxNRX7IFzkwRCR5iKVZC-HA,2021-07-05,-10,11,130,-54,-45,11
Canada,Ontario,,,CA-ON,,ChIJrxNRX7IFzkwRCR5iKVZC-HA,2021-07-06,-12,14,126,-54,-43,11
Canada,Ontario,,,CA-ON,,ChIJrxNRX7IFzkwRCR5iKVZC-HA,2021-07-07,-14,10,76,-55,-44,13
Canada,Ontario,,,CA-ON,,ChIJrxNRX7IFzkwRCR5iKVZC-HA,2021-07-08,-17,9,47,-56,-43,14
Canada,Ontario,,,CA-ON,,ChIJrxNRX7IFzkwRCR5iKVZC-HA,2021-07-09,-16,9,109,-51,-41,11
Canada,Ontario,,,CA-ON,,ChIJrxNRX7IFzkwRCR5iKVZC-HA,2021-07-10,-12,8,230,-34,-8,0
Canada,Ontario,,,CA-ON,,ChIJrxNRX7IFzkwRCR5iKVZC-HA,2021-07-11,-12,0,115,-42,-10,2
Canada,Ontario,,,CA-ON,,ChIJrxNRX7IFzkwRCR5iKVZC-HA,2021-07-12,-11,9,139,-53,-43,11
Canada,Ontario,,,CA-ON,,ChIJrxNRX7IFzkwRCR5iKVZC-HA,2021-07-13,-14,10,89,-54,-42,12
Canada,Ontario,,,CA-ON,,ChIJrxNRX7IFzkwRCR5iKVZC-HA,2021-07-14,-10,11,137,-53,-42,11
Canada,Ontario,,,CA-ON,,ChIJrxNRX7IFzkwRCR5iKVZC-HA,2021-07-15,-12,12,113,-52,-41,12
Canada,Ontario,,,CA-ON,,ChIJrxNRX7IFzkwRCR5iKVZC-HA,2021-07-16,-12,8,129,-49,-40,9
Canada,Ontario,,,CA-ON,,ChIJrxNRX7IFzkwRCR5iKVZC-HA,2021-07-17,-12,8,131,-37,-8,2
Canada,Ontario,,,CA-ON,,ChIJrxNRX7IFzkwRCR5iKVZC-HA,2021-07-18,-2,4,216,-34,-7,-1
Canada,Ontario,,,CA-ON,,ChIJrxNRX7IFzkwRCR5iKVZC-HA,2021-07-19,-8,10,146,-52,-43,10
Canada,Ontario,,,CA-ON,,ChIJrxNRX7IFzkwRCR5iKVZC-HA,2021-07-20,-9,12,105,-53,-43,10
Canada,Ontario,,,CA-ON,,ChIJrxNRX7IFzkwRCR5iKVZC-HA,2021-07-21,-5,13,156,-50,-42,10
Canada,Ontario,,,CA-ON,,ChIJrxNRX7IFzkwRCR5iKVZC-HA,2021-07-22,-6,15,156,-49,-41,10
Canada,Ontario,,,CA-ON,,ChIJrxNRX7IFzkwRCR5iKVZC-HA,2021-07-23,-11,8,164,-47,-40,8
Canada,Ontario,,,CA-ON,,ChIJrxNRX7IFzkwRCR5iKVZC-HA,2021-07-24,-13,5,129,-36,-7,1
Canada,Ontario,,,CA-ON,,ChIJrxNRX7IFzkwRCR5iKVZC-HA,2021-07-25,-2,4,214,-34,-6,-1
Canada,Ontario,,,CA-ON,,ChIJrxNRX7IFzkwRCR5iKVZC-HA,2021-07-26,-8,9,159,-51,-43,10
Canada,Ontario,,,CA-ON,,ChIJrxNRX7IFzkwRCR5iKVZC-HA,2021-07-27,-10,11,106,-53,-42,11
Canada,Ontario,,,CA-ON,,ChIJrxNRX7IFzkwRCR5iKVZC-HA,2021-07-28,-5,13,154,-50,-42,9
Canada,Ontario,,,CA-ON,,ChIJrxNRX7IFzkwRCR5iKVZC-HA,2021-07-29,-7,14,108,-51,-42,11
Canada,Ontario,,,CA-ON,,ChIJrxNRX7IFzkwRCR5iKVZC-HA,2021-07-30,-7,12,158,-44,-41,8
Canada,Ontario,,,CA-ON,,ChIJrxNRX7IFzkwRCR5iKVZC-HA,2021-07-31,-10,7,181,-31,-10,-1
Canada,Ontario,,,CA-ON,,ChIJrxNRX7IFzkwRCR5iKVZC-HA,2021-08-01,0,7,144,-37,-12,0
Canada,Ontario,,,CA-ON,,ChIJrxNRX7IFzkwRCR5iKVZC-HA,2021-08-02,-12,-9,284,-56,-76,13
Canada,Ontario,,,CA-ON,,ChIJrxNRX7IFzkwRCR5iKVZC-HA,2021-08-03,-6,18,151,-49,-43,9
Canada,Ontario,,,CA-ON,,ChIJrxNRX7IFzkwRCR5iKVZC-HA,2021-08-04,-6,14,153,-49,-42,9
Canada,Ontario,,,CA-ON,,ChIJrxNRX7IFzkwRCR5iKVZC-HA,2021-08-05,-7,14,164,-47,-41,9
Canada,Ontario,,,CA-ON,,ChIJrxNRX7IFzkwRCR5iKVZC-HA,2021-08-06,-12,6,151,-46,-40,8
Canada,Ontario,,,CA-ON,,ChIJrxNRX7IFzkwRCR5iKVZC-HA,2021-08-07,-11,6,165,-31,-6,0
Canada,Ontario,,,CA-ON,,ChIJrxNRX7IFzkwRCR5iKVZC-HA,2021-08-08,-3,3,179,-32,-6,-1
Canada,Ontario,,,CA-ON,,ChIJrxNRX7IFzkwRCR5iKVZC-HA,2021-08-09,-8,8,138,-50,-42,10
Canada,Ontario,,,CA-ON,,ChIJrxNRX7IFzkwRCR5iKVZC-HA,2021-08-10,-9,11,96,-51,-41,10
Canada,Ontario,,,CA-ON,,ChIJrxNRX7IFzkwRCR5iKVZC-HA,2021-08-11,-8,9,106,-51,-41,11
Canada,Ontario,,,CA-ON,,ChIJrxNRX7IFzkwRCR5iKVZC-HA,2021-08-12,-6,13,131,-48,-40,10
Canada,Ontario,,,CA-ON,,ChIJrxNRX7IFzkwRCR5iKVZC-HA,2021-08-13,-11,6,130,-46,-39,9
Canada,Ontario,,,CA-ON,,ChIJrxNRX7IFzkwRCR5iKVZC-HA,2021-08-14,-7,8,225,-27,-5,-2
Canada,Ontario,,,CA-ON,,ChIJrxNRX7IFzkwRCR5iKVZC-HA,2021-08-15,1,4,219,-29,-5,-2
Canada,Ontario,,,CA-ON,,ChIJrxNRX7IFzkwRCR5iKVZC-HA,2021-08-16,-7,8,142,-49,-43,9
Canada,Ontario,,,CA-ON,,ChIJrxNRX7IFzkwRCR5iKVZC-HA,2021-08-17,-8,12,121,-50,-41,10
Canada,Ontario,,,CA-ON,,ChIJrxNRX7IFzkwRCR5iKVZC-HA,2021-08-18,-7,10,117,-49,-40,10
Canada,Ontario,,,CA-ON,,ChIJrxNRX7IFzkwRCR5iKVZC-HA,2021-08-19,-5,14,147,-47,-39,9
Canada,Ontario,,,CA-ON,,ChIJrxNRX7IFzkwRCR5iKVZC-HA,2021-08-20,-9,8,145,-45,-39,8
Canada,Ontario,,,CA-ON,,ChIJrxNRX7IFzkwRCR5iKVZC-HA,2021-08-21,-8,7,193,-28,-6,-1
Canada,Ontario,,,CA-ON,,ChIJrxNRX7IFzkwRCR5iKVZC-HA,2021-08-22,-1,3,173,-30,-5,-2
Canada,Ontario,,,CA-ON,,ChIJrxNRX7IFzkwRCR5iKVZC-HA,2021-08-23,-6,9,133,-48,-42,9
Canada,Ontario,,,CA-ON,,ChIJrxNRX7IFzkwRCR5iKVZC-HA,2021-08-24,-6,12,131,-49,-41,9
Canada,Ontario,,,CA-ON,,ChIJrxNRX7IFzkwRCR5iKVZC-HA,2021-08-25,-6,11,110,-48,-41,10
Canada,Ontario,,,CA-ON,,ChIJrxNRX7IFzkwRCR5iKVZC-HA,2021-08-26,-6,12,117,-46,-40,10
Canada,Ontario,,,CA-ON,,ChIJrxNRX7IFzkwRCR5iKVZC-HA,2021-08-27,-8,8,135,-44,-39,8
Canada,Ontario,,,CA-ON,,ChIJrxNRX7IFzkwRCR5iKVZC-HA,2021-08-28,-8,6,164,-28,-4,0
Canada,Ontario,,,CA-ON,,ChIJrxNRX7IFzkwRCR5iKVZC-HA,2021-08-29,-2,3,131,-31,-5,0
Canada,Ontario,,,CA-ON,,ChIJrxNRX7IFzkwRCR5iKVZC-HA,2021-08-30,-3,11,130,-47,-42,9
Canada,Ontario,,,CA-ON,,ChIJrxNRX7IFzkwRCR5iKVZC-HA,2021-08-31,-1,18,129,-45,-40,8
Canada,Ontario,,,CA-ON,,ChIJrxNRX7IFzkwRCR5iKVZC-HA,2021-09-01,-1,16,121,-45,-41,9
Canada,Ontario,,,CA-ON,,ChIJrxNRX7IFzkwRCR5iKVZC-HA,2021-09-02,0,18,128,-43,-40,9
Canada,Ontario,,,CA-ON,,ChIJrxNRX7IFzkwRCR5iKVZC-HA,2021-09-03,-4,10,135,-42,-40,8
Canada,Ontario,,,CA-ON,,ChIJrxNRX7IFzkwRCR5iKVZC-HA,2021-09-04,-4,9,206,-24,-9,-1
Canada,Ontario,,,CA-ON,,ChIJrxNRX7IFzkwRCR5iKVZC-HA,2021-09-05,10,13,202,-28,-10,-2
Canada,Ontario,,,CA-ON,,ChIJrxNRX7IFzkwRCR5iKVZC-HA,2021-09-06,-26,-30,197,-58,-81,18
Canada,Ontario,,,CA-ON,,ChIJrxNRX7IFzkwRCR5iKVZC-HA,2021-09-07,-4,20,73,-47,-41,9
Canada,Ontario,,,CA-ON,,ChIJrxNRX7IFzkwRCR5iKVZC-HA,2021-09-08,-4,17,80,-46,-40,10
Canada,Ontario,,,CA-ON,,ChIJrxNRX7IFzkwRCR5iKVZC-HA,2021-09-09,-6,14,88,-44,-39,10
Canada,Ontario,,,CA-ON,,ChIJrxNRX7IFzkwRCR5iKVZC-HA,2021-09-10,-7,6,114,-42,-36,7
Canada,Ontario,,,CA-ON,,ChIJrxNRX7IFzkwRCR5iKVZC-HA,2021-09-11,-3,8,174,-29,-2,1
Canada,Ontario,,,CA-ON,,ChIJrxNRX7IFzkwRCR5iKVZC-HA,2021-09-12,1,6,114,-34,-4,1
Canada,Ontario,,,CA-ON,,ChIJrxNRX7IFzkwRCR5iKVZC-HA,2021-09-13,-5,8,101,-45,-40,9
Canada,Ontario,,,CA-ON,,ChIJrxNRX7IFzkwRCR5iKVZC-HA,2021-09-14,-8,9,75,-46,-39,9
Canada,Ontario,,,CA-ON,,ChIJrxNRX7IFzkwRCR5iKVZC-HA,2021-09-15,-6,10,82,-45,-39,9
Canada,Ontario,,,CA-ON,,ChIJrxNRX7IFzkwRCR5iKVZC-HA,2021-09-16,-5,12,107,-43,-39,9
Canada,Ontario,,,CA-ON,,ChIJrxNRX7IFzkwRCR5iKVZC-HA,2021-09-17,-6,3,110,-41,-37,7
Canada,Ontario,,,CA-ON,,ChIJrxNRX7IFzkwRCR5iKVZC-HA,2021-09-18,-1,6,177,-27,-3,0
Canada,Ontario,,,CA-ON,,ChIJrxNRX7IFzkwRCR5iKVZC-HA,2021-09-19,6,6,164,-31,-5,-1
Canada,Ontario,,,CA-ON,,ChIJrxNRX7IFzkwRCR5iKVZC-HA,2021-09-20,3,10,126,-44,-39,8
Canada,Ontario,,,CA-ON,,ChIJrxNRX7IFzkwRCR5iKVZC-HA,2021-09-21,-9,7,49,-48,-37,10
Canada,Ontario,,,CA-ON,,ChIJrxNRX7IFzkwRCR5iKVZC-HA,2021-09-22,-14,-2,-9,-52,-35,12
Canada,Ontario,,,CA-ON,,ChIJrxNRX7IFzkwRCR5iKVZC-HA,2021-09-23,-9,9,42,-46,-33,11
Canada,Ontario,,,CA-ON,,ChIJrxNRX7IFzkwRCR5iKVZC-HA,2021-09-24,-9,4,77,-43,-32,9
Canada,Ontario,,,CA-ON,,ChIJrxNRX7IFzkwRCR5iKVZC-HA,2021-09-25,-5,5,102,-32,-2,2
Canada,Ontario,,,CA-ON,,ChIJrxNRX7IFzkwRCR5iKVZC-HA,2021-09-26,2,5,127,-32,-3,1
Canada,Ontario,,,CA-ON,,ChIJrxNRX7IFzkwRCR5iKVZC-HA,2021-09-27,-8,5,77,-47,-34,10
Canada,Ontario,,,CA-ON,,ChIJrxNRX7IFzkwRCR5iKVZC-HA,2021-09-28,-7,10,74,-46,-32,9
Canada,Ontario,,,CA-ON,,ChIJrxNRX7IFzkwRCR5iKVZC-HA,2021-09-29,-3,10,75,-44,-33,9
Canada,Ontario,,,CA-ON,,ChIJrxNRX7IFzkwRCR5iKVZC-HA,2021-09-30,-1,13,86,-42,-35,9
Canada,Ontario,,,CA-ON,,ChIJrxNRX7IFzkwRCR5iKVZC-HA,2021-10-01,-6,5,96,-41,-30,8
Canada,Ontario,,,CA-ON,,ChIJrxNRX7IFzkwRCR5iKVZC-HA,2021-10-02,-2,6,147,-27,-2,1
Canada,Ontario,,,CA-ON,,ChIJrxNRX7IFzkwRCR5iKVZC-HA,2021-10-03,-3,4,36,-37,-6,3
Canada,Ontario,,,CA-ON,,ChIJrxNRX7IFzkwRCR5iKVZC-HA,2021-10-04,-10,5,29,-48,-33,11
Canada,Ontario,,,CA-ON,,ChIJrxNRX7IFzkwRCR5iKVZC-HA,2021-10-05,-6,13,58,-45,-32,9
Canada,Ontario,,,CA-ON,,ChIJrxNRX7IFzkwRCR5iKVZC-HA,2021-10-06,-5,10,66,-44,-32,9
Canada,Ontario,,,CA-ON,,ChIJrxNRX7IFzkwRCR5iKVZC-HA,2021-10-07,-4,15,78,-41,-30,9
Canada,Ontario,,,CA-ON,,ChIJrxNRX7IFzkwRCR5iKVZC-HA,2021-10-08,-4,14,79,-39,-31,8
Canada,Ontario,,,CA-ON,,ChIJrxNRX7IFzkwRCR5iKVZC-HA,2021-10-09,-6,15,75,-30,-8,2
Canada,Ontario,,,CA-ON,,ChIJrxNRX7IFzkwRCR5iKVZC-HA,2021-10-10,-2,8,120,-33,-13,-1
Canada,Ontario,,,CA-ON,,ChIJrxNRX7IFzkwRCR5iKVZC-HA,2021-10-11,-37,-42,196,-58,-81,17
Canada,Ontario,,,CA-ON,,ChIJrxNRX7IFzkwRCR5iKVZC-HA,2021-10-12,-6,16,70,-43,-32,9
Canada,Ontario,,,CA-ON,,ChIJrxNRX7IFzkwRCR5iKVZC-HA,2021-10-13,-7,8,57,-44,-31,9
Canada,Ontario,,,CA-ON,,ChIJrxNRX7IFzkwRCR5iKVZC-HA,2021-10-14,-6,8,76,-42,-30,9
Canada,Ontario,,,CA-ON,,ChIJrxNRX7IFzkwRCR5iKVZC-HA,2021-10-15,-9,0,39,-43,-29,9
Canada,Ontario,,,CA-ON,,ChIJrxNRX7IFzkwRCR5iKVZC-HA,2021-10-16,-3,7,51,-31,-3,3
Canada,Ontario,,,CA-ON,,ChIJrxNRX7IFzkwRCR5iKVZC-HA,2021-10-17,3,3,80,-33,-5,2
Canada,Ontario,,,CA-ON,,ChIJrxNRX7IFzkwRCR5iKVZC-HA,2021-10-18,-8,4,47,-46,-32,10
Canada,Ontario,,,CA-ON,,ChIJrxNRX7IFzkwRCR5iKVZC-HA,2021-10-19,-7,8,74,-45,-31,9
Canada,Ontario,,,CA-ON,,ChIJrxNRX7IFzkwRCR5iKVZC-HA,2021-10-20,-6,7,56,-45,-31,9
Canada,Ontario,,,CA-ON,,ChIJrxNRX7IFzkwRCR5iKVZC-HA,2021-10-21,-8,6,22,-44,-30,11
Canada,Ontario,,,CA-ON,,ChIJrxNRX7IFzkwRCR5iKVZC-HA,2021-10-22,-7,2,42,-41,-28,9
Canada,Ontario,,,CA-ON,,ChIJrxNRX7IFzkwRCR5iKVZC-HA,2021-10-23,0,7,82,-27,-2,2
Canada,Ontario,,,CA-ON,,ChIJrxNRX7IFzkwRCR5iKVZC-HA,2021-10-24,4,3,86,-32,-5,2
Canada,Ontario,,,CA-ON,,ChIJrxNRX7IFzkwRCR5iKVZC-HA,2021-10-25,-13,-4,-10,-49,-33,12
Canada,Ontario,,,CA-ON,,ChIJrxNRX7IFzkwRCR5iKVZC-HA,2021-10-26,-9,4,-4,-48,-31,11
Canada,Ontario,,,CA-ON,,ChIJrxNRX7IFzkwRCR5iKVZC-HA,2021-10-27,-3,9,58,-42,-30,9
Canada,Ontario,,,CA-ON,,ChIJrxNRX7IFzkwRCR5iKVZC-HA,2021-10-28,-3,10,40,-42,-29,9
Canada,Ontario,,,CA-ON,,ChIJrxNRX7IFzkwRCR5iKVZC-HA,2021-10-29,-7,1,18,-41,-27,9
Canada,Ontario,,,CA-ON,,ChIJrxNRX7IFzkwRCR5iKVZC-HA,2021-10-30,-2,10,16,-31,-3,3
Canada,Ontario,,,CA-ON,,ChIJrxNRX7IFzkwRCR5iKVZC-HA,2021-10-31,3,7,77,-29,-5,2
Canada,Ontario,,,CA-ON,,ChIJrxNRX7IFzkwRCR5iKVZC-HA,2021-11-01,-9,3,29,-46,-32,10
Canada,Ontario,,,CA-ON,,ChIJrxNRX7IFzkwRCR5iKVZC-HA,2021-11-02,-9,6,17,-46,-30,10
Canada,Ontario,,,CA-ON,,ChIJrxNRX7IFzkwRCR5iKVZC-HA,2021-11-03,-8,5,17,-46,-30,10
Canada,Ontario,,,CA-ON,,ChIJrxNRX7IFzkwRCR5iKVZC-HA,2021-11-04,-7,7,26,-43,-30,10
Canada,Ontario,,,CA-ON,,ChIJrxNRX7IFzkwRCR5iKVZC-HA,2021-11-05,-8,0,32,-42,-28,9
Canada,Ontario,,,CA-ON,,ChIJrxNRX7IFzkwRCR5iKVZC-HA,2021-11-06,-1,5,68,-30,-2,2
Canada,Ontario,,,CA-ON,,ChIJrxNRX7IFzkwRCR5iKVZC-HA,2021-11-07,5,5,92,-31,-5,2
Canada,Ontario,,,CA-ON,,ChIJrxNRX7IFzkwRCR5iKVZC-HA,2021-11-08,-8,3,53,-45,-30,10
Canada,Ontario,,,CA-ON,,ChIJrxNRX7IFzkwRCR5iKVZC-HA,2021-11-09,-10,4,20,-46,-29,10
Canada,Ontario,,,CA-ON,,ChIJrxNRX7IFzkwRCR5iKVZC-HA,2021-11-10,-6,7,33,-44,-30,10
Canada,Ontario,,,CA-ON,,ChIJrxNRX7IFzkwRCR5iKVZC-HA,2021-11-11,-4,7,31,-44,-33,11
Canada,Ontario,,,CA-ON,,ChIJrxNRX7IFzkwRCR5iKVZC-HA,2021-11-12,-8,0,22,-43,-30,10
Canada,Ontario,,,CA-ON,,ChIJrxNRX7IFzkwRCR5iKVZC-HA,2021-11-13,-2,4,30,-31,-3,3
Canada,Ontario,,,CA-ON,,ChIJrxNRX7IFzkwRCR5iKVZC-HA,2021-11-14,-3,-3,-4,-38,-7,4
Canada,Ontario,,,CA-ON,,ChIJrxNRX7IFzkwRCR5iKVZC-HA,2021-11-15,-9,1,5,-46,-31,11
Canada,Ontario,,,CA-ON,,ChIJrxNRX7IFzkwRCR5iKVZC-HA,2021-11-16,-9,4,10,-45,-29,10
Canada,Ontario,,,CA-ON,,ChIJrxNRX7IFzkwRCR5iKVZC-HA,2021-11-17,-10,1,-3,-46,-29,11
Canada,Ontario,,,CA-ON,,ChIJrxNRX7IFzkwRCR5iKVZC-HA,2021-11-18,-6,4,7,-43,-28,10
Canada,Ontario,,,CA-ON,,ChIJrxNRX7IFzkwRCR5iKVZC-HA,2021-11-19,-6,-1,13,-42,-29,10
Canada,Ontario,,,CA-ON,,ChIJrxNRX7IFzkwRCR5iKVZC-HA,2021-11-20,1,5,31,-29,-1,3
Canada,Ontario,,,CA-ON,,ChIJrxNRX7IFzkwRCR5iKVZC-HA,2021-11-21,2,1,15,-35,-5,3
Canada,Ontario,,,CA-ON,,ChIJrxNRX7IFzkwRCR5iKVZC-HA,2021-11-22,-9,0,-1,-47,-30,11
Canada,Ontario,,,CA-ON,,ChIJrxNRX7IFzkwRCR5iKVZC-HA,2021-11-23,-8,4,5,-46,-29,10
Canada,Ontario,,,CA-ON,,ChIJrxNRX7IFzkwRCR5iKVZC-HA,2021-11-24,-6,3,9,-45,-29,10
Canada,Ontario,,,CA-ON,,ChIJrxNRX7IFzkwRCR5iKVZC-HA,2021-11-25,-4,4,-6,-44,-29,11
Canada,Ontario,,,CA-ON,,ChIJrxNRX7IFzkwRCR5iKVZC-HA,2021-11-26,-3,0,-5,-43,-29,10
Canada,Ontario,,,CA-ON,,ChIJrxNRX7IFzkwRCR5iKVZC-HA,2021-11-27,1,5,24,-31,0,3
Canada,Ontario,,,CA-ON,,ChIJrxNRX7IFzkwRCR5iKVZC-HA,2021-11-28,-3,-5,4,-36,-5,4
Canada,Ontario,,,CA-ON,,ChIJrxNRX7IFzkwRCR5iKVZC-HA,2021-11-29,-6,3,0,-46,-30,10
Canada,Ontario,,,CA-ON,,ChIJrxNRX7IFzkwRCR5iKVZC-HA,2021-11-30,-6,7,-4,-45,-29,10
Canada,Ontario,,,CA-ON,,ChIJrxNRX7IFzkwRCR5iKVZC-HA,2021-12-01,-4,7,1,-45,-29,10
Canada,Ontario,,,CA-ON,,ChIJrxNRX7IFzkwRCR5iKVZC-HA,2021-12-02,-6,6,1,-44,-28,11
Canada,Ontario,,,CA-ON,,ChIJrxNRX7IFzkwRCR5iKVZC-HA,2021-12-03,-6,1,9,-44,-27,10
Canada,Ontario,,,CA-ON,,ChIJrxNRX7IFzkwRCR5iKVZC-HA,2021-12-04,-1,5,26,-33,0,3
Canada,Ontario,,,CA-ON,,ChIJrxNRX7IFzkwRCR5iKVZC-HA,2021-12-05,-2,-1,4,-38,-5,4
Canada,Ontario,,,CA-ON,,ChIJrxNRX7IFzkwRCR5iKVZC-HA,2021-12-06,-13,-1,-16,-50,-32,12
Canada,Ontario,,,CA-ON,,ChIJrxNRX7IFzkwRCR5iKVZC-HA,2021-12-07,-8,5,-6,-47,-28,10
Canada,Ontario,,,CA-ON,,ChIJrxNRX7IFzkwRCR5iKVZC-HA,2021-12-08,-10,0,-8,-47,-28,11
Canada,Ontario,,,CA-ON,,ChIJrxNRX7IFzkwRCR5iKVZC-HA,2021-12-09,-7,6,-1,-45,-27,11
Canada,Ontario,,,CA-ON,,ChIJrxNRX7IFzkwRCR5iKVZC-HA,2021-12-10,-6,4,8,-43,-25,10
Canada,Ontario,,,CA-ON,,ChIJrxNRX7IFzkwRCR5iKVZC-HA,2021-12-11,-4,4,14,-33,1,4
Canada,Ontario,,,CA-ON,,ChIJrxNRX7IFzkwRCR5iKVZC-HA,2021-12-12,6,5,32,-34,-2,3
Canada,Ontario,,,CA-ON,,ChIJrxNRX7IFzkwRCR5iKVZC-HA,2021-12-13,-4,10,14,-46,-29,10
Canada,Ontario,,,CA-ON,,ChIJrxNRX7IFzkwRCR5iKVZC-HA,2021-12-14,-3,12,14,-46,-28,10
Canada,Ontario,,,CA-ON,,ChIJrxNRX7IFzkwRCR5iKVZC-HA,2021-12-15,-4,9,-6,-46,-29,11
Canada,Ontario,,,CA-ON,,ChIJrxNRX7IFzkwRCR5iKVZC-HA,2021-12-16,0,15,11,-44,-28,10
Canada,Ontario,,,CA-ON,,ChIJrxNRX7IFzkwRCR5iKVZC-HA,2021-12-17,-3,9,10,-43,-27,10
Canada,Ontario,,,CA-ON,,ChIJrxNRX7IFzkwRCR5iKVZC-HA,2021-12-18,-12,1,-1,-34,-1,5
Canada,Ontario,,,CA-ON,,ChIJrxNRX7IFzkwRCR5iKVZC-HA,2021-12-19,1,4,19,-34,-2,4
Canada,Ontario,,,CA-ON,,ChIJrxNRX7IFzkwRCR5iKVZC-HA,2021-12-20,2,18,5,-49,-40,12
Canada,Ontario,,,CA-ON,,ChIJrxNRX7IFzkwRCR5iKVZC-HA,2021-12-21,4,26,9,-48,-40,12
Canada,Ontario,,,CA-ON,,ChIJrxNRX7IFzkwRCR5iKVZC-HA,2021-12-22,6,34,-5,-49,-42,13
Canada,Ontario,,,CA-ON,,ChIJrxNRX7IFzkwRCR5iKVZC-HA,2021-12-23,10,52,8,-47,-45,13
Canada,Ontario,,,CA-ON,,ChIJrxNRX7IFzkwRCR5iKVZC-HA,2021-12-24,-19,32,5,-55,-64,18
Canada,Ontario,,,CA-ON,,ChIJrxNRX7IFzkwRCR5iKVZC-HA,2021-12-25,-76,-74,-10,-60,-63,9
Canada,Ontario,,,CA-ON,,ChIJrxNRX7IFzkwRCR5iKVZC-HA,2021-12-26,-15,-23,18,-43,-27,4
Canada,Ontario,,,CA-ON,,ChIJrxNRX7IFzkwRCR5iKVZC-HA,2021-12-27,-16,-4,0,-63,-77,22
Canada,Ontario,,,CA-ON,,ChIJrxNRX7IFzkwRCR5iKVZC-HA,2021-12-28,-9,10,21,-59,-69,20
Canada,Ontario,,,CA-ON,,ChIJrxNRX7IFzkwRCR5iKVZC-HA,2021-12-29,-10,10,8,-57,-60,19
Canada,Ontario,,,CA-ON,,ChIJrxNRX7IFzkwRCR5iKVZC-HA,2021-12-30,-6,25,26,-55,-60,19
Canada,Ontario,,,CA-ON,,ChIJrxNRX7IFzkwRCR5iKVZC-HA,2021-12-31,-20,19,34,-59,-66,21
Canada,Ontario,,,CA-ON,,ChIJrxNRX7IFzkwRCR5iKVZC-HA,2022-01-01,-65,-68,12,-60,-54,13
Canada,Ontario,,,CA-ON,,ChIJrxNRX7IFzkwRCR5iKVZC-HA,2022-01-02,-23,-13,-1,-50,-18,9
Canada,Ontario,,,CA-ON,,ChIJrxNRX7IFzkwRCR5iKVZC-HA,2022-01-03,-17,4,-1,-64,-62,21
Canada,Ontario,,,CA-ON,,ChIJrxNRX7IFzkwRCR5iKVZC-HA,2022-01-04,-20,4,-8,-57,-44,17
Canada,Ontario,,,CA-ON,,ChIJrxNRX7IFzkwRCR5iKVZC-HA,2022-01-05,-31,-4,-30,-60,-46,20
Canada,Ontario,,,CA-ON,,ChIJrxNRX7IFzkwRCR5iKVZC-HA,2022-01-06,-31,-1,-18,-59,-46,20
Canada,Ontario,,,CA-ON,,ChIJrxNRX7IFzkwRCR5iKVZC-HA,2022-01-07,-35,-10,-24,-61,-44,20
Canada,Ontario,,,CA-ON,,ChIJrxNRX7IFzkwRCR5iKVZC-HA,2022-01-08,-31,-3,0,-50,-15,11
Canada,Ontario,,,CA-ON,,ChIJrxNRX7IFzkwRCR5iKVZC-HA,2022-01-09,-31,-11,-12,-54,-18,10
Canada,Ontario,,,CA-ON,,ChIJrxNRX7IFzkwRCR5iKVZC-HA,2022-01-10,-35,-13,-33,-63,-46,19
Canada,Ontario,,,CA-ON,,ChIJrxNRX7IFzkwRCR5iKVZC-HA,2022-01-11,-37,-12,-37,-64,-46,19
Canada,Ontario,,,CA-ON,,ChIJrxNRX7IFzkwRCR5iKVZC-HA,2022-01-12,-31,-2,-15,-61,-45,19
Canada,Ontario,,,CA-ON,,ChIJrxNRX7IFzkwRCR5iKVZC-HA,2022-01-13,-30,-1,-8,-60,-44,19
Canada,Ontario,,,CA-ON,,ChIJrxNRX7IFzkwRCR5iKVZC-HA,2022-01-14,-33,-10,-24,-61,-43,19
Canada,Ontario,,,CA-ON,,ChIJrxNRX7IFzkwRCR5iKVZC-HA,2022-01-15,-33,-8,-23,-55,-16,10
Canada,Ontario,,,CA-ON,,ChIJrxNRX7IFzkwRCR5iKVZC-HA,2022-01-16,-24,-1,16,-52,-16,7
Canada,Ontario,,,CA-ON,,ChIJrxNRX7IFzkwRCR5iKVZC-HA,2022-01-17,-65,-53,-41,-71,-67,27
Canada,Ontario,,,CA-ON,,ChIJrxNRX7IFzkwRCR5iKVZC-HA,2022-01-18,-33,-3,-17,-59,-45,18
Canada,Ontario,,,CA-ON,,ChIJrxNRX7IFzkwRCR5iKVZC-HA,2022-01-19,-30,-2,-21,-57,-39,16
Canada,Ontario,,,CA-ON,,ChIJrxNRX7IFzkwRCR5iKVZC-HA,2022-01-20,-29,-2,-24,-57,-37,16
Canada,Ontario,,,CA-ON,,ChIJrxNRX7IFzkwRCR5iKVZC-HA,2022-01-21,-31,-9,-23,-57,-35,16
Canada,Ontario,,,CA-ON,,ChIJrxNRX7IFzkwRCR5iKVZC-HA,2022-01-22,-29,-2,-1,-49,-11,8
Canada,Ontario,,,CA-ON,,ChIJrxNRX7IFzkwRCR5iKVZC-HA,2022-01-23,-28,-10,4,-53,-15,8
Canada,Ontario,,,CA-ON,,ChIJrxNRX7IFzkwRCR5iKVZC-HA,2022-01-24,-36,-16,-26,-59,-38,16
Canada,Ontario,,,CA-ON,,ChIJrxNRX7IFzkwRCR5iKVZC-HA,2022-01-25,-30,-4,-19,-57,-37,15
Canada,Ontario,,,CA-ON,,ChIJrxNRX7IFzkwRCR5iKVZC-HA,2022-01-26,-30,-8,-26,-59,-38,16
Canada,Ontario,,,CA-ON,,ChIJrxNRX7IFzkwRCR5iKVZC-HA,2022-01-27,-29,-3,-19,-56,-36,16
Canada,Ontario,,,CA-ON,,ChIJrxNRX7IFzkwRCR5iKVZC-HA,2022-01-28,-30,-8,-22,-56,-35,16
Canada,Ontario,,,CA-ON,,ChIJrxNRX7IFzkwRCR5iKVZC-HA,2022-01-29,-27,-2,-4,-47,-10,8
Canada,Ontario,,,CA-ON,,ChIJrxNRX7IFzkwRCR5iKVZC-HA,2022-01-30,-25,-7,8,-49,-12,7
Canada,Ontario,,,CA-ON,,ChIJrxNRX7IFzkwRCR5iKVZC-HA,2022-01-31,-20,-4,-4,-54,-36,13
Canada,Ontario,,,CA-ON,,ChIJrxNRX7IFzkwRCR5iKVZC-HA,2022-02-01,-18,5,0,-53,-35,12
Canada,Ontario,,,CA-ON,,ChIJrxNRX7IFzkwRCR5iKVZC-HA,2022-02-02,-29,-9,-28,-57,-37,16
Canada,Ontario,,,CA-ON,,ChIJrxNRX7IFzkwRCR5iKVZC-HA,2022-02-03,-34,-17,-25,-57,-38,17
Canada,Ontario,,,CA-ON,,ChIJrxNRX7IFzkwRCR5iKVZC-HA,2022-02-04,-26,-12,-18,-52,-33,14
Canada,Ontario,,,CA-ON,,ChIJrxNRX7IFzkwRCR5iKVZC-HA,2022-02-05,-18,-2,14,-41,-5,6
Canada,Ontario,,,CA-ON,,ChIJrxNRX7IFzkwRCR5iKVZC-HA,2022-02-06,-16,-7,21,-46,-8,5
Canada,Ontario,,,CA-ON,,ChIJrxNRX7IFzkwRCR5iKVZC-HA,2022-02-07,-23,-7,-7,-53,-32,12
Canada,Ontario,,,CA-ON,,ChIJrxNRX7IFzkwRCR5iKVZC-HA,2022-02-08,-22,-4,-11,-54,-32,12
Canada,Ontario,,,CA-ON,,ChIJrxNRX7IFzkwRCR5iKVZC-HA,2022-02-09,-21,-2,-6,-53,-32,12
Canada,Ontario,,,CA-ON,,ChIJrxNRX7IFzkwRCR5iKVZC-HA,2022-02-10,-19,3,-10,-51,-31,13
Canada,Ontario,,,CA-ON,,ChIJrxNRX7IFzkwRCR5iKVZC-HA,2022-02-11,-23,-8,-19,-52,-29,13
Canada,Ontario,,,CA-ON,,ChIJrxNRX7IFzkwRCR5iKVZC-HA,2022-02-12,-14,2,5,-40,-4,5
Canada,Ontario,,,CA-ON,,ChIJrxNRX7IFzkwRCR5iKVZC-HA,2022-02-13,-13,-1,-8,-47,-7,5
Canada,Ontario,,,CA-ON,,ChIJrxNRX7IFzkwRCR5iKVZC-HA,2022-02-14,-14,5,-16,-54,-33,12
Canada,Ontario,,,CA-ON,,ChIJrxNRX7IFzkwRCR5iKVZC-HA,2022-02-15,-23,-6,-11,-53,-31,12
Canada,Ontario,,,CA-ON,,ChIJrxNRX7IFzkwRCR5iKVZC-HA,2022-02-16,-20,-3,-10,-52,-31,12
Canada,Ontario,,,CA-ON,,ChIJrxNRX7IFzkwRCR5iKVZC-HA,2022-02-17,-28,-11,-32,-53,-34,15
Canada,Ontario,,,CA-ON,,ChIJrxNRX7IFzkwRCR5iKVZC-HA,2022-02-18,-26,-15,-18,-51,-39,15
Canada,Ontario,,,CA-ON,,ChIJrxNRX7IFzkwRCR5iKVZC-HA,2022-02-19,-23,-11,-13,-42,-9,6
Canada,Ontario,,,CA-ON,,ChIJrxNRX7IFzkwRCR5iKVZC-HA,2022-02-20,-3,3,25,-41,-11,3
Canada,Ontario,,,CA-ON,,ChIJrxNRX7IFzkwRCR5iKVZC-HA,2022-02-21,-36,-43,58,-65,-78,21
Canada,Ontario,,,CA-ON,,ChIJrxNRX7IFzkwRCR5iKVZC-HA,2022-02-22,-19,4,-26,-53,-32,12
Canada,Ontario,,,CA-ON,,ChIJrxNRX7IFzkwRCR5iKVZC-HA,2022-02-23,-19,-3,-23,-53,-32,12
Canada,Ontario,,,CA-ON,,ChIJrxNRX7IFzkwRCR5iKVZC-HA,2022-02-24,-17,1,-10,-50,-30,11
Canada,Ontario,,,CA-ON,,ChIJrxNRX7IFzkwRCR5iKVZC-HA,2022-02-25,-28,-18,-24,-53,-30,13
Canada,Ontario,,,CA-ON,,ChIJrxNRX7IFzkwRCR5iKVZC-HA,2022-02-26,-11,0,7,-38,0,4
Canada,Ontario,,,CA-ON,,ChIJrxNRX7IFzkwRCR5iKVZC-HA,2022-02-27,-12,-8,1,-42,-4,4
Canada,Ontario,,,CA-ON,,ChIJrxNRX7IFzkwRCR5iKVZC-HA,2022-02-28,-18,-5,-12,-50,-31,11
Canada,Ontario,,,CA-ON,,ChIJrxNRX7IFzkwRCR5iKVZC-HA,2022-03-01,-18,-3,-9,-49,-30,10
Canada,Ontario,,,CA-ON,,ChIJrxNRX7IFzkwRCR5iKVZC-HA,2022-03-02,-17,-4,-11,-50,-30,11
Canada,Ontario,,,CA-ON,,ChIJrxNRX7IFzkwRCR5iKVZC-HA,2022-03-03,-17,-3,-10,-48,-29,11
Canada,Ontario,,,CA-ON,,ChIJrxNRX7IFzkwRCR5iKVZC-HA,2022-03-04,-17,-9,-6,-48,-27,10
Canada,Ontario,,,CA-ON,,ChIJrxNRX7IFzkwRCR5iKVZC-HA,2022-03-05,-8,-2,16,-36,-2,3
Canada,Ontario,,,CA-ON,,ChIJrxNRX7IFzkwRCR5iKVZC-HA,2022-03-06,-6,-7,34,-39,-5,3
Canada,Ontario,,,CA-ON,,ChIJrxNRX7IFzkwRCR5iKVZC-HA,2022-03-07,-25,-14,-27,-52,-32,12
Canada,Ontario,,,CA-ON,,ChIJrxNRX7IFzkwRCR5iKVZC-HA,2022-03-08,-17,-2,-10,-49,-29,10
Canada,Ontario,,,CA-ON,,ChIJrxNRX7IFzkwRCR5iKVZC-HA,2022-03-09,-18,-6,-8,-49,-29,10
Canada,Ontario,,,CA-ON,,ChIJrxNRX7IFzkwRCR5iKVZC-HA,2022-03-10,-15,-2,0,-47,-28,10
Canada,Ontario,,,CA-ON,,ChIJrxNRX7IFzkwRCR5iKVZC-HA,2022-03-11,-22,-13,-20,-49,-27,11
Canada,Ontario,,,CA-ON,,ChIJrxNRX7IFzkwRCR5iKVZC-HA,2022-03-12,-14,-7,-12,-40,-3,4
Canada,Ontario,,,CA-ON,,ChIJrxNRX7IFzkwRCR5iKVZC-HA,2022-03-13,-14,-15,-14,-42,-6,4
Canada,Ontario,,,CA-ON,,ChIJrxNRX7IFzkwRCR5iKVZC-HA,2022-03-14,-15,-7,5,-51,-39,11
Canada,Ontario,,,CA-ON,,ChIJrxNRX7IFzkwRCR5iKVZC-HA,2022-03-15,-18,-10,-14,-52,-38,11
Canada,Ontario,,,CA-ON,,ChIJrxNRX7IFzkwRCR5iKVZC-HA,2022-03-16,-12,-4,4,-50,-38,11
Canada,Ontario,,,CA-ON,,ChIJrxNRX7IFzkwRCR5iKVZC-HA,2022-03-17,-5,0,63,-45,-37,9
Canada,Ontario,,,CA-ON,,ChIJrxNRX7IFzkwRCR5iKVZC-HA,2022-03-18,-11,-6,17,-47,-36,10
Canada,Ontario,,,CA-ON,,ChIJrxNRX7IFzkwRCR5iKVZC-HA,2022-03-19,-10,-6,-11,-38,-4,3
Canada,Ontario,,,CA-ON,,ChIJrxNRX7IFzkwRCR5iKVZC-HA,2022-03-20,-3,-3,41,-36,-6,2
Canada,Ontario,,,CA-ON,,ChIJrxNRX7IFzkwRCR5iKVZC-HA,2022-03-21,-15,-4,17,-49,-29,10
Canada,Ontario,,,CA-ON,,ChIJrxNRX7IFzkwRCR5iKVZC-HA,2022-03-22,-15,-1,2,-49,-28,9
Canada,Ontario,,,CA-ON,,ChIJrxNRX7IFzkwRCR5iKVZC-HA,2022-03-23,-22,-14,-30,-52,-31,12
Canada,Ontario,,,CA-ON,,ChIJrxNRX7IFzkwRCR5iKVZC-HA,2022-03-24,-14,-1,0,-47,-27,10
Canada,Ontario,,,CA-ON,,ChIJrxNRX7IFzkwRCR5iKVZC-HA,2022-03-25,-15,-8,-9,-48,-25,10
Canada,Ontario,,,CA-ON,,ChIJrxNRX7IFzkwRCR5iKVZC-HA,2022-03-26,-7,-4,0,-37,-1,3
Canada,Ontario,,,CA-ON,,ChIJrxNRX7IFzkwRCR5iKVZC-HA,2022-03-27,-11,-12,-21,-41,-6,4
Canada,Ontario,,,CA-ON,,ChIJrxNRX7IFzkwRCR5iKVZC-HA,2022-03-28,-21,-11,-22,-51,-29,11
Canada,Ontario,,,CA-ON,,ChIJrxNRX7IFzkwRCR5iKVZC-HA,2022-03-29,-14,2,-2,-49,-28,9
Canada,Ontario,,,CA-ON,,ChIJrxNRX7IFzkwRCR5iKVZC-HA,2022-03-30,-20,-10,-25,-50,-29,11
Canada,Ontario,,,CA-ON,,ChIJrxNRX7IFzkwRCR5iKVZC-HA,2022-03-31,-10,4,5,-45,-28,9
Canada,Ontario,,,CA-ON,,ChIJrxNRX7IFzkwRCR5iKVZC-HA,2022-04-01,-14,-5,-15,-48,-25,9
Canada,Ontario,,,CA-ON,,ChIJrxNRX7IFzkwRCR5iKVZC-HA,2022-04-02,-5,1,43,-35,-2,2
Canada,Ontario,,,CA-ON,,ChIJrxNRX7IFzkwRCR5iKVZC-HA,2022-04-03,-7,-4,6,-40,-6,4
Canada,Ontario,,,CA-ON,,ChIJrxNRX7IFzkwRCR5iKVZC-HA,2022-04-04,-16,-4,10,-49,-29,9
Canada,Ontario,,,CA-ON,,ChIJrxNRX7IFzkwRCR5iKVZC-HA,2022-04-05,-13,1,20,-47,-28,9
Canada,Ontario,,,CA-ON,,ChIJrxNRX7IFzkwRCR5iKVZC-HA,2022-04-06,-15,-4,2,-48,-29,10
Canada,Ontario,,,CA-ON,,ChIJrxNRX7IFzkwRCR5iKVZC-HA,2022-04-07,-12,1,8,-46,-28,10
Canada,Ontario,,,CA-ON,,ChIJrxNRX7IFzkwRCR5iKVZC-HA,2022-04-08,-11,-2,2,-45,-26,9
Canada,Ontario,,,CA-ON,,ChIJrxNRX7IFzkwRCR5iKVZC-HA,2022-04-09,-4,2,14,-34,-2,3
Canada,Ontario,,,CA-ON,,ChIJrxNRX7IFzkwRCR5iKVZC-HA,2022-04-10,0,1,37,-36,-5,3
Canada,Ontario,,,CA-ON,,ChIJrxNRX7IFzkwRCR5iKVZC-HA,2022-04-11,-12,1,12,-48,-29,10
Canada,Ontario,,,CA-ON,,ChIJrxNRX7IFzkwRCR5iKVZC-HA,2022-04-12,-8,7,58,-45,-28,8
Canada,Ontario,,,CA-ON,,ChIJrxNRX7IFzkwRCR5iKVZC-HA,2022-04-13,-10,5,3,-47,-29,10
Canada,Ontario,,,CA-ON,,ChIJrxNRX7IFzkwRCR5iKVZC-HA,2022-04-14,7,34,27,-41,-29,7
Canada,Ontario,,,CA-ON,,ChIJrxNRX7IFzkwRCR5iKVZC-HA,2022-04-15,-42,-46,29,-60,-78,22
Canada,Ontario,,,CA-ON,,ChIJrxNRX7IFzkwRCR5iKVZC-HA,2022-04-16,-2,23,41,-34,-11,2
Canada,Ontario,,,CA-ON,,ChIJrxNRX7IFzkwRCR5iKVZC-HA,2022-04-17,-36,-49,53,-38,-23,2
Canada,Ontario,,,CA-ON,,ChIJrxNRX7IFzkwRCR5iKVZC-HA,2022-04-18,-15,-2,-3,-52,-47,13
Canada,Ontario,,,CA-ON,,ChIJrxNRX7IFzkwRCR5iKVZC-HA,2022-04-19,-16,1,-18,-49,-29,10
Canada,Ontario,,,CA-ON,,ChIJrxNRX7IFzkwRCR5iKVZC-HA,2022-04-20,-8,5,26,-46,-29,9
Canada,Ontario,,,CA-ON,,ChIJrxNRX7IFzkwRCR5iKVZC-HA,2022-04-21,-11,2,13,-46,-28,10
Canada,Ontario,,,CA-ON,,ChIJrxNRX7IFzkwRCR5iKVZC-HA,2022-04-22,-8,-2,41,-43,-26,8
Canada,Ontario,,,CA-ON,,ChIJrxNRX7IFzkwRCR5iKVZC-HA,2022-04-23,-2,2,40,-31,1,2
Canada,Ontario,,,CA-ON,,ChIJrxNRX7IFzkwRCR5iKVZC-HA,2022-04-24,6,0,124,-28,-3,1
Canada,Ontario,,,CA-ON,,ChIJrxNRX7IFzkwRCR5iKVZC-HA,2022-04-25,-11,-2,6,-45,-29,9
Canada,Ontario,,,CA-ON,,ChIJrxNRX7IFzkwRCR5iKVZC-HA,2022-04-26,-9,3,9,-44,-27,8
Canada,Ontario,,,CA-ON,,ChIJrxNRX7IFzkwRCR5iKVZC-HA,2022-04-27,-8,2,-4,-45,-28,9
Canada,Ontario,,,CA-ON,,ChIJrxNRX7IFzkwRCR5iKVZC-HA,2022-04-28,-3,8,38,-40,-26,8
Canada,Ontario,,,CA-ON,,ChIJrxNRX7IFzkwRCR5iKVZC-HA,2022-04-29,-4,3,52,-39,-25,7
Canada,Ontario,,,CA-ON,,ChIJrxNRX7IFzkwRCR5iKVZC-HA,2022-04-30,4,6,103,-21,1,-1
Canada,Ontario,,,CA-ON,,ChIJrxNRX7IFzkwRCR5iKVZC-HA,2022-05-01,4,3,30,-28,-4,1
Canada,Ontario,,,CA-ON,,ChIJrxNRX7IFzkwRCR5iKVZC-HA,2022-05-02,-4,4,24,-42,-30,8
Canada,Ontario,,,CA-ON,,ChIJrxNRX7IFzkwRCR5iKVZC-HA,2022-05-03,-7,2,5,-43,-28,8
Canada,Ontario,,,CA-ON,,ChIJrxNRX7IFzkwRCR5iKVZC-HA,2022-05-04,-3,7,46,-41,-28,8
Canada,Ontario,,,CA-ON,,ChIJrxNRX7IFzkwRCR5iKVZC-HA,2022-05-05,0,10,70,-39,-27,7
Canada,Ontario,,,CA-ON,,ChIJrxNRX7IFzkwRCR5iKVZC-HA,2022-05-06,-3,3,55,-39,-26,6
Canada,Ontario,,,CA-ON,,ChIJrxNRX7IFzkwRCR5iKVZC-HA,2022-05-07,8,15,121,-21,-1,-1
Canada,Ontario,,,CA-ON,,ChIJrxNRX7IFzkwRCR5iKVZC-HA,2022-05-08,19,13,135,-22,-3,-2
Canada,Ontario,,,CA-ON,,ChIJrxNRX7IFzkwRCR5iKVZC-HA,2022-05-09,-3,5,81,-41,-28,7
Canada,Ontario,,,CA-ON,,ChIJrxNRX7IFzkwRCR5iKVZC-HA,2022-05-10,-1,10,79,-40,-27,6
Canada,Ontario,,,CA-ON,,ChIJrxNRX7IFzkwRCR5iKVZC-HA,2022-05-11,0,7,83,-39,-28,6
Canada,Ontario,,,CA-ON,,ChIJrxNRX7IFzkwRCR5iKVZC-HA,2022-05-12,1,12,94,-37,-27,6
Canada,Ontario,,,CA-ON,,ChIJrxNRX7IFzkwRCR5iKVZC-HA,2022-05-13,-2,5,102,-36,-27,5
Canada,Ontario,,,CA-ON,,ChIJrxNRX7IFzkwRCR5iKVZC-HA,2022-05-14,4,7,157,-18,-2,-1
Canada,Ontario,,,CA-ON,,ChIJrxNRX7IFzkwRCR5iKVZC-HA,2022-05-15,11,7,139,-22,-3,-1
Canada,Ontario,,,CA-ON,,ChIJrxNRX7IFzkwRCR5iKVZC-HA,2022-05-16,-6,3,36,-42,-28,8
Canada,Ontario,,,CA-ON,,ChIJrxNRX7IFzkwRCR5iKVZC-HA,2022-05-17,-3,8,56,-39,-26,6
Canada,Ontario,,,CA-ON,,ChIJrxNRX7IFzkwRCR5iKVZC-HA,2022-05-18,-3,5,51,-38,-27,7
Canada,Ontario,,,CA-ON,,ChIJrxNRX7IFzkwRCR5iKVZC-HA,2022-05-19,0,10,75,-36,-26,6
Canada,Ontario,,,CA-ON,,ChIJrxNRX7IFzkwRCR5iKVZC-HA,2022-05-20,0,9,103,-34,-28,5
Canada,Ontario,,,CA-ON,,ChIJrxNRX7IFzkwRCR5iKVZC-HA,2022-05-21,-1,2,141,-21,-8,-2
Canada,Ontario,,,CA-ON,,ChIJrxNRX7IFzkwRCR5iKVZC-HA,2022-05-22,15,10,121,-22,-11,-3
Canada,Ontario,,,CA-ON,,ChIJrxNRX7IFzkwRCR5iKVZC-HA,2022-05-23,-21,-34,208,-51,-80,15
Canada,Ontario,,,CA-ON,,ChIJrxNRX7IFzkwRCR5iKVZC-HA,2022-05-24,3,23,84,-38,-28,5
Canada,Ontario,,,CA-ON,,ChIJrxNRX7IFzkwRCR5iKVZC-HA,2022-05-25,-1,9,61,-38,-27,6
Canada,Ontario,,,CA-ON,,ChIJrxNRX7IFzkwRCR5iKVZC-HA,2022-05-26,0,11,74,-37,-26,6
Canada,Ontario,,,CA-ON,,ChIJrxNRX7IFzkwRCR5iKVZC-HA,2022-05-27,-3,5,59,-38,-25,6
Canada,Ontario,,,CA-ON,,ChIJrxNRX7IFzkwRCR5iKVZC-HA,2022-05-28,5,6,166,-16,2,-2
Canada,Ontario,,,CA-ON,,ChIJrxNRX7IFzkwRCR5iKVZC-HA,2022-05-29,12,6,174,-19,0,-2
Canada,Ontario,,,CA-ON,,ChIJrxNRX7IFzkwRCR5iKVZC-HA,2022-05-30,1,9,113,-37,-27,6
Canada,Ontario,,,CA-ON,,ChIJrxNRX7IFzkwRCR5iKVZC-HA,2022-05-31,3,15,97,-36,-25,5
Canada,Ontario,,,CA-ON,,ChIJrxNRX7IFzkwRCR5iKVZC-HA,2022-06-01,-1,8,49,-37,-26,7
Canada,Ontario,,,CA-ON,,ChIJrxNRX7IFzkwRCR5iKVZC-HA,2022-06-02,6,15,106,-32,-25,5
Canada,Ontario,,,CA-ON,,ChIJrxNRX7IFzkwRCR5iKVZC-HA,2022-06-03,-1,5,104,-33,-26,5
Canada,Ontario,,,CA-ON,,ChIJrxNRX7IFzkwRCR5iKVZC-HA,2022-06-04,5,6,178,-13,1,-3
Canada,Ontario,,,CA-ON,,ChIJrxNRX7IFzkwRCR5iKVZC-HA,2022-06-05,10,4,147,-14,-1,-2
Canada,Ontario,,,CA-ON,,ChIJrxNRX7IFzkwRCR5iKVZC-HA,2022-06-06,-5,3,39,-38,-27,7
Canada,Ontario,,,CA-ON,,ChIJrxNRX7IFzkwRCR5iKVZC-HA,2022-06-07,-4,8,28,-39,-26,8
Canada,Ontario,,,CA-ON,,ChIJrxNRX7IFzkwRCR5iKVZC-HA,2022-06-08,0,7,83,-33,-25,6
Canada,Ontario,,,CA-ON,,ChIJrxNRX7IFzkwRCR5iKVZC-HA,2022-06-09,0,9,73,-33,-24,6
Canada,Ontario,,,CA-ON,,ChIJrxNRX7IFzkwRCR5iKVZC-HA,2022-06-10,0,5,114,-31,-24,5
Canada,Ontario,,,CA-ON,,ChIJrxNRX7IFzkwRCR5iKVZC-HA,2022-06-11,3,5,162,-15,0,-2
Canada,Ontario,,,CA-ON,,ChIJrxNRX7IFzkwRCR5iKVZC-HA,2022-06-12,9,5,107,-20,-2,-1
Canada,Ontario,,,CA-ON,,ChIJrxNRX7IFzkwRCR5iKVZC-HA,2022-06-13,0,8,108,-34,-26,6
Canada,Ontario,,,CA-ON,,ChIJrxNRX7IFzkwRCR5iKVZC-HA,2022-06-14,2,10,114,-33,-24,5
Canada,Ontario,,,CA-ON,,ChIJrxNRX7IFzkwRCR5iKVZC-HA,2022-06-15,1,8,85,-32,-25,6
Canada,Ontario,,,CA-ON,,ChIJrxNRX7IFzkwRCR5iKVZC-HA,2022-06-16,2,11,93,-30,-24,6
Canada,Ontario,,,CA-ON,,ChIJrxNRX7IFzkwRCR5iKVZC-HA,2022-06-17,0,8,110,-29,-24,4
Canada,Ontario,,,CA-ON,,ChIJrxNRX7IFzkwRCR5iKVZC-HA,2022-06-18,7,12,171,-9,-1,-3
Canada,Ontario,,,CA-ON,,ChIJrxNRX7IFzkwRCR5iKVZC-HA,2022-06-19,16,8,167,-11,-2,-4
Canada,Ontario,,,CA-ON,,ChIJrxNRX7IFzkwRCR5iKVZC-HA,2022-06-20,1,9,94,-34,-27,6
Canada,Ontario,,,CA-ON,,ChIJrxNRX7IFzkwRCR5iKVZC-HA,2022-06-21,1,10,104,-33,-25,6
Canada,Ontario,,,CA-ON,,ChIJrxNRX7IFzkwRCR5iKVZC-HA,2022-06-22,2,9,94,-32,-26,6
Canada,Ontario,,,CA-ON,,ChIJrxNRX7IFzkwRCR5iKVZC-HA,2022-06-23,5,14,122,-28,-26,5
Canada,Ontario,,,CA-ON,,ChIJrxNRX7IFzkwRCR5iKVZC-HA,2022-06-24,1,8,137,-29,-27,5
Canada,Ontario,,,CA-ON,,ChIJrxNRX7IFzkwRCR5iKVZC-HA,2022-06-25,3,7,217,-9,0,-3
Canada,Ontario,,,CA-ON,,ChIJrxNRX7IFzkwRCR5iKVZC-HA,2022-06-26,11,5,144,-7,-1,-2
Canada,Ontario,,,CA-ON,,ChIJrxNRX7IFzkwRCR5iKVZC-HA,2022-06-27,4,10,107,-33,-30,6
Canada,Ontario,,,CA-ON,,ChIJrxNRX7IFzkwRCR5iKVZC-HA,2022-06-28,7,16,120,-31,-28,5
Canada,Ontario,,,CA-ON,,ChIJrxNRX7IFzkwRCR5iKVZC-HA,2022-06-29,8,15,89,-31,-30,6
Canada,Ontario,,,CA-ON,,ChIJrxNRX7IFzkwRCR5iKVZC-HA,2022-06-30,24,45,164,-24,-33,3
Canada,Ontario,,,CA-ON,,ChIJrxNRX7IFzkwRCR5iKVZC-HA,2022-07-01,-28,-37,298,-41,-78,14
Canada,Ontario,,,CA-ON,,ChIJrxNRX7IFzkwRCR5iKVZC-HA,2022-07-02,1,13,238,-12,-13,-3
Canada,Ontario,,,CA-ON,,ChIJrxNRX7IFzkwRCR5iKVZC-HA,2022-07-03,9,3,208,-10,-5,-4
Canada,Ontario,,,CA-ON,,ChIJrxNRX7IFzkwRCR5iKVZC-HA,2022-07-04,4,12,138,-33,-39,7
Canada,Ontario,,,CA-ON,,ChIJrxNRX7IFzkwRCR5iKVZC-HA,2022-07-05,1,12,76,-36,-35,8
Canada,Ontario,,,CA-ON,,ChIJrxNRX7IFzkwRCR5iKVZC-HA,2022-07-06,2,10,126,-33,-34,6
Canada,Ontario,,,CA-ON,,ChIJrxNRX7IFzkwRCR5iKVZC-HA,2022-07-07,4,14,150,-31,-34,6
Canada,Ontario,,,CA-ON,,ChIJrxNRX7IFzkwRCR5iKVZC-HA,2022-07-08,-8,-7,123,-37,-36,5
Canada,Ontario,,,CA-ON,,ChIJrxNRX7IFzkwRCR5iKVZC-HA,2022-07-09,3,7,223,-10,-3,-4
Canada,Ontario,,,CA-ON,,ChIJrxNRX7IFzkwRCR5iKVZC-HA,2022-07-10,10,5,211,-11,-3,-3
Canada,Ontario,,,CA-ON,,ChIJrxNRX7IFzkwRCR5iKVZC-HA,2022-07-11,1,9,126,-35,-36,7
Canada,Ontario,,,CA-ON,,ChIJrxNRX7IFzkwRCR5iKVZC-HA,2022-07-12,2,11,114,-34,-33,6
Canada,Ontario,,,CA-ON,,ChIJrxNRX7IFzkwRCR5iKVZC-HA,2022-07-13,2,8,104,-33,-33,7
Canada,Ontario,,,CA-ON,,ChIJrxNRX7IFzkwRCR5iKVZC-HA,2022-07-14,4,13,154,-30,-33,6
Canada,Ontario,,,CA-ON,,ChIJrxNRX7IFzkwRCR5iKVZC-HA,2022-07-15,-3,4,159,-31,-34,6
Canada,Ontario,,,CA-ON,,ChIJrxNRX7IFzkwRCR5iKVZC-HA,2022-07-16,1,5,231,-6,-2,-3
Canada,Ontario,,,CA-ON,,ChIJrxNRX7IFzkwRCR5iKVZC-HA,2022-07-17,9,3,192,-9,-2,-3
Canada,Ontario,,,CA-ON,,ChIJrxNRX7IFzkwRCR5iKVZC-HA,2022-07-18,-1,8,99,-37,-37,12
Canada,Ontario,,,CA-ON,,ChIJrxNRX7IFzkwRCR5iKVZC-HA,2022-07-19,1,9,117,-34,-34,11
Canada,Ontario,,,CA-ON,,ChIJrxNRX7IFzkwRCR5iKVZC-HA,2022-07-20,2,10,94,-33,-34,7
Canada,Ontario,,,CA-ON,,ChIJrxNRX7IFzkwRCR5iKVZC-HA,2022-07-21,4,15,135,-30,-33,7
Canada,Ontario,,,CA-ON,,ChIJrxNRX7IFzkwRCR5iKVZC-HA,2022-07-22,-3,7,149,-31,-33,6
Canada,Ontario,,,CA-ON,,ChIJrxNRX7IFzkwRCR5iKVZC-HA,2022-07-23,-1,6,213,-8,-1,-3
Canada,Ontario,,,CA-ON,,ChIJrxNRX7IFzkwRCR5iKVZC-HA,2022-07-24,4,2,111,-18,-3,0
Canada,Ontario,,,CA-ON,,ChIJrxNRX7IFzkwRCR5iKVZC-HA,2022-07-25,1,10,144,-34,-35,7
Canada,Ontario,,,CA-ON,,ChIJrxNRX7IFzkwRCR5iKVZC-HA,2022-07-26,1,11,147,-32,-33,6
Canada,Ontario,,,CA-ON,,ChIJrxNRX7IFzkwRCR5iKVZC-HA,2022-07-27,3,12,129,-31,-34,7
Canada,Ontario,,,CA-ON,,ChIJrxNRX7IFzkwRCR5iKVZC-HA,2022-07-28,5,18,139,-29,-33,6
Canada,Ontario,,,CA-ON,,ChIJrxNRX7IFzkwRCR5iKVZC-HA,2022-07-29,1,13,167,-28,-35,5
Canada,Ontario,,,CA-ON,,ChIJrxNRX7IFzkwRCR5iKVZC-HA,2022-07-30,0,8,247,-3,-5,-3
Canada,Ontario,,,CA-ON,,ChIJrxNRX7IFzkwRCR5iKVZC-HA,2022-07-31,12,8,269,-6,-5,-4
