country_region,sub_region_1,sub_region_2,date,retail_and_recreation_percent_change_from_baseline,grocery_and_pharmacy_percent_change_from_baseline,parks_percent_change_from_baseline,transit_stations_percent_change_from_baseline,workplaces_percent_change_from_baseline
Canada,Ontario,Essex County,2020-02-15,0,-2,8,6,1
Canada,Ontario,Essex County,2020-02-16,9,1,62,1,1
Canada,Ontario,Essex County,2020-02-17,-17,-15,58,-38,-53
Canada,Ontario,Essex County,2020-02-18,-1,8,2,8,1
Canada,Ontario,Essex County,2020-02-19,0,2,6,8,3
Canada,Ontario,Essex County,2020-02-20,5,2,4,0,2
Canada,Ontario,Essex County,2020-02-21,1,-3,8,-2,-7
Canada,Ontario,Essex County,2020-02-22,8,3,86,21,4
Canada,Ontario,Essex County,2020-02-23,8,0,91,11,1
Canada,Ontario,Essex County,2020-02-24,-1,-1,9,2,4
Canada,Ontario,Essex County,2020-02-25,-1,4,-8,2,4
Canada,Ontario,Essex County,2020-02-26,-10,-9,-20,-7,2
Canada,Ontario,Essex County,2020-02-27,-2,-4,-12,-6,1
Canada,Ontario,Essex County,2020-02-28,2,-2,-2,0,3
Canada,Ontario,Essex County,2020-02-29,8,4,37,12,6
Canada,Ontario,Essex County,2020-03-01,10,3,42,3,7
Canada,Ontario,Essex County,2020-03-02,4,0,15,2,2
Canada,Ontario,Essex County,2020-03-03,3,-3,11,1,1
Canada,Ontario,Essex County,2020-03-04,4,-1,15,3,2
Canada,Ontario,Essex County,2020-03-05,11,-1,38,4,-1
Canada,Ontario,Essex County,2020-03-06,1,-9,-6,-3,3
Canada,Ontario,Essex County,2020-03-07,11,1,89,16,7
Canada,Ontario,Essex County,2020-03-08,10,0,152,5,3
Canada,Ontario,Essex County,2020-03-09,4,-3,50,-1,1
Canada,Ontario,Essex County,2020-03-10,4,0,30,-2,1
Canada,Ontario,Essex County,2020-03-11,6,5,29,2,2
Canada,Ontario,Essex County,2020-03-12,11,33,28,-5,2
Canada,Ontario,Essex County,2020-03-13,4,39,19,-8,-1
Canada,Ontario,Essex County,2020-03-14,-7,17,25,-12,2
Canada,Ontario,Essex County,2020-03-15,-6,9,97,-20,-3
Canada,Ontario,Essex County,2020-03-16,-7,25,30,-31,-24
Canada,Ontario,Essex County,2020-03-17,-24,17,66,-33,-29
Canada,Ontario,Essex County,2020-03-18,-32,5,17,-40,-35
Canada,Ontario,Essex County,2020-03-19,-33,9,20,-45,-40
Canada,Ontario,Essex County,2020-03-20,-38,-1,38,-44,-41
Canada,Ontario,Essex County,2020-03-21,-48,-9,32,-46,-34
Canada,Ontario,Essex County,2020-03-22,-51,-26,28,-49,-38
Canada,Ontario,Essex County,2020-03-23,-45,-13,-3,-59,-52
Canada,Ontario,Essex County,2020-03-24,-48,-15,22,-57,-55
Canada,Ontario,Essex County,2020-03-25,-51,-22,101,-55,-57
Canada,Ontario,Essex County,2020-03-26,-52,-23,39,-61,-59
Canada,Ontario,Essex County,2020-03-27,-55,-21,17,-59,-57
Canada,Ontario,Essex County,2020-03-28,-61,-30,-12,-59,-47
Canada,Ontario,Essex County,2020-03-29,-57,-35,31,-57,-47
Canada,Ontario,Essex County,2020-03-30,-56,-30,1,-72,-61
Canada,Ontario,Essex County,2020-03-31,-51,-17,6,-68,-61
Canada,Ontario,Essex County,2020-04-01,-53,-22,23,-69,-61
Canada,Ontario,Essex County,2020-04-02,-51,-23,97,-66,-60
Canada,Ontario,Essex County,2020-04-03,-54,-22,54,-69,-59
Canada,Ontario,Essex County,2020-04-04,-59,-29,27,-64,-48
Canada,Ontario,Essex County,2020-04-05,-61,-35,29,-66,-49
Canada,Ontario,Essex County,2020-04-06,-57,-28,37,-71,-61
Canada,Ontario,Essex County,2020-04-07,-58,-23,11,-68,-63
Canada,Ontario,Essex County,2020-04-08,-52,-13,81,-62,-62
Canada,Ontario,Essex County,2020-04-09,-45,6,-9,-68,-63
Canada,Ontario,Essex County,2020-04-10,-81,-64,-3,-79,-83
Canada,Ontario,Essex County,2020-04-11,-56,-7,38,-59,-50
Canada,Ontario,Essex County,2020-04-12,-84,-70,8,-65,-57
Canada,Ontario,Essex County,2020-04-13,-58,-22,-16,-76,-68
Canada,Ontario,Essex County,2020-04-14,-53,-14,5,-68,-62
Canada,Ontario,Essex County,2020-04-15,-56,-17,-18,-70,-61
Canada,Ontario,Essex County,2020-04-16,-54,-17,4,-66,-60
Canada,Ontario,Essex County,2020-04-17,-62,-29,-38,-73,-60
Canada,Ontario,Essex County,2020-04-18,-57,-21,45,-57,-44
Canada,Ontario,Essex County,2020-04-19,-57,-30,42,-59,-42
Canada,Ontario,Essex County,2020-04-20,-52,-17,57,-64,-59
Canada,Ontario,Essex County,2020-04-21,-52,-15,-5,-67,-60
Canada,Ontario,Essex County,2020-04-22,-53,-18,-3,-68,-59
Canada,Ontario,Essex County,2020-04-23,-52,-16,-6,-69,-59
Canada,Ontario,Essex County,2020-04-24,-56,-18,47,-64,-57
Canada,Ontario,Essex County,2020-04-25,-57,-22,57,-56,-44
Canada,Ontario,Essex County,2020-04-26,-56,-26,46,-55,-43
Canada,Ontario,Essex County,2020-04-27,-50,-16,93,-63,-57
Canada,Ontario,Essex County,2020-04-28,-47,-10,110,-56,-58
Canada,Ontario,Essex County,2020-04-29,-49,-10,18,-65,-58
Canada,Ontario,Essex County,2020-04-30,-46,-8,26,-63,-57
Canada,Ontario,Essex County,2020-05-01,-47,-10,104,-60,-55
Canada,Ontario,Essex County,2020-05-02,-51,-17,118,-49,-39
Canada,Ontario,Essex County,2020-05-03,-45,-18,144,-45,-35
Canada,Ontario,Essex County,2020-05-04,-44,-12,67,-59,-55
Canada,Ontario,Essex County,2020-05-05,-44,-6,42,-58,-56
Canada,Ontario,Essex County,2020-05-06,-42,-2,103,-52,-55
Canada,Ontario,Essex County,2020-05-07,-42,-5,89,-58,-54
Canada,Ontario,Essex County,2020-05-08,-47,-6,19,-62,-53
Canada,Ontario,Essex County,2020-05-09,-42,1,31,-52,-36
Canada,Ontario,Essex County,2020-05-10,-36,-10,24,-50,-31
Canada,Ontario,Essex County,2020-05-11,-43,-12,29,-60,-52
Canada,Ontario,Essex County,2020-05-12,-36,-3,112,-54,-52
Canada,Ontario,Essex County,2020-05-13,-34,-1,122,-53,-51
Canada,Ontario,Essex County,2020-05-14,-40,-9,25,-63,-52
Canada,Ontario,Essex County,2020-05-15,-40,-5,63,-56,-51
Canada,Ontario,Essex County,2020-05-16,-39,-7,176,-40,-35
Canada,Ontario,Essex County,2020-05-17,-38,-11,32,-55,-35
Canada,Ontario,Essex County,2020-05-18,-56,-30,18,-75,-77
Canada,Ontario,Essex County,2020-05-19,-32,2,60,-59,-48
Canada,Ontario,Essex County,2020-05-20,-24,6,154,-49,-47
Canada,Ontario,Essex County,2020-05-21,-25,0,165,-50,-48
Canada,Ontario,Essex County,2020-05-22,-35,-5,58,-58,-45
Canada,Ontario,Essex County,2020-05-23,-34,-6,171,-41,-26
Canada,Ontario,Essex County,2020-05-24,-28,-8,192,-38,-22
Canada,Ontario,Essex County,2020-05-25,-24,-1,156,-52,-47
Canada,Ontario,Essex County,2020-05-26,-27,0,142,-52,-44
Canada,Ontario,Essex County,2020-05-27,-24,3,142,-49,-43
Canada,Ontario,Essex County,2020-05-28,-28,0,118,-53,-42
Canada,Ontario,Essex County,2020-05-29,-32,-4,100,-54,-41
Canada,Ontario,Essex County,2020-05-30,-31,-1,178,-38,-16
Canada,Ontario,Essex County,2020-05-31,-22,-4,194,-35,-11
Canada,Ontario,Essex County,2020-06-01,-22,-2,148,-51,-40
Canada,Ontario,Essex County,2020-06-02,-25,0,147,-49,-39
Canada,Ontario,Essex County,2020-06-03,-24,3,139,-45,-39
Canada,Ontario,Essex County,2020-06-04,-25,1,174,-50,-39
Canada,Ontario,Essex County,2020-06-05,-29,-3,152,-50,-37
Canada,Ontario,Essex County,2020-06-06,-29,-2,218,-39,-15
Canada,Ontario,Essex County,2020-06-07,-22,-3,239,-30,-11
Canada,Ontario,Essex County,2020-06-08,-22,-2,182,-49,-38
Canada,Ontario,Essex County,2020-06-09,-24,-2,144,-46,-38
Canada,Ontario,Essex County,2020-06-10,-25,0,73,-51,-38
Canada,Ontario,Essex County,2020-06-11,-20,5,175,-45,-36
Canada,Ontario,Essex County,2020-06-12,-26,-2,158,-49,-36
Canada,Ontario,Essex County,2020-06-13,-25,1,209,-34,-9
Canada,Ontario,Essex County,2020-06-14,-20,-2,216,-36,-8
Canada,Ontario,Essex County,2020-06-15,-19,-1,172,-46,-36
Canada,Ontario,Essex County,2020-06-16,-20,3,187,-41,-36
Canada,Ontario,Essex County,2020-06-17,-19,6,183,-44,-36
Canada,Ontario,Essex County,2020-06-18,-19,6,183,-44,-37
Canada,Ontario,Essex County,2020-06-19,-24,5,159,-47,-35
Canada,Ontario,Essex County,2020-06-20,-27,10,216,-36,-9
Canada,Ontario,Essex County,2020-06-21,-24,1,176,-36,-3
Canada,Ontario,Essex County,2020-06-22,-23,-4,143,-50,-38
Canada,Ontario,Essex County,2020-06-23,-22,1,108,-49,-38
Canada,Ontario,Essex County,2020-06-24,-20,4,176,-44,-35
Canada,Ontario,Essex County,2020-06-25,-17,4,182,-47,-35
Canada,Ontario,Essex County,2020-06-26,-24,0,156,-44,-34
Canada,Ontario,Essex County,2020-06-27,-26,-2,178,-30,-11
Canada,Ontario,Essex County,2020-06-28,-23,-5,238,-29,-4
Canada,Ontario,Essex County,2020-06-29,-15,3,184,-45,-38
Canada,Ontario,Essex County,2020-06-30,-9,21,170,-40,-37
Canada,Ontario,Essex County,2020-07-01,-34,-9,241,-52,-53
Canada,Ontario,Essex County,2020-07-02,-13,13,168,-46,-41
Canada,Ontario,Essex County,2020-07-03,-20,11,175,-47,-53
Canada,Ontario,Essex County,2020-07-04,-27,-1,210,-34,-18
Canada,Ontario,Essex County,2020-07-05,-24,-6,198,-34,-9
Canada,Ontario,Essex County,2020-07-06,-19,2,137,-47,-39
Canada,Ontario,Essex County,2020-07-07,-19,6,121,-45,-38
Canada,Ontario,Essex County,2020-07-08,-17,7,133,-44,-35
Canada,Ontario,Essex County,2020-07-09,-17,7,131,-47,-36
Canada,Ontario,Essex County,2020-07-10,-26,-3,82,-52,-36
Canada,Ontario,Essex County,2020-07-11,-21,4,206,-31,-10
Canada,Ontario,Essex County,2020-07-12,-18,-2,220,-33,-10
Canada,Ontario,Essex County,2020-07-13,-17,1,181,-43,-38
Canada,Ontario,Essex County,2020-07-14,-16,5,191,-44,-38
Canada,Ontario,Essex County,2020-07-15,-16,5,177,-45,-35
Canada,Ontario,Essex County,2020-07-16,-17,3,98,-49,-37
Canada,Ontario,Essex County,2020-07-17,-21,1,188,-45,-34
Canada,Ontario,Essex County,2020-07-18,-24,-1,231,-31,-10
Canada,Ontario,Essex County,2020-07-19,-26,-10,129,-36,-11
Canada,Ontario,Essex County,2020-07-20,-14,5,177,-47,-38
Canada,Ontario,Essex County,2020-07-21,-16,4,169,-47,-38
Canada,Ontario,Essex County,2020-07-22,-16,4,145,-48,-38
Canada,Ontario,Essex County,2020-07-23,-15,5,177,-46,-37
Canada,Ontario,Essex County,2020-07-24,-23,0,174,-47,-36
Canada,Ontario,Essex County,2020-07-25,-26,-2,231,-32,-10
Canada,Ontario,Essex County,2020-07-26,-22,-4,212,-29,-7
Canada,Ontario,Essex County,2020-07-27,-21,-2,126,-51,-41
Canada,Ontario,Essex County,2020-07-28,-18,5,170,-48,-38
Canada,Ontario,Essex County,2020-07-29,-17,4,136,-50,-38
Canada,Ontario,Essex County,2020-07-30,-14,6,176,-42,-39
Canada,Ontario,Essex County,2020-07-31,-19,2,201,-41,-39
Canada,Ontario,Essex County,2020-08-01,-30,-6,130,-37,-17
Canada,Ontario,Essex County,2020-08-02,-24,-4,117,-33,-16
Canada,Ontario,Essex County,2020-08-03,-30,-13,215,-56,-63
Canada,Ontario,Essex County,2020-08-04,-20,1,123,-47,-38
Canada,Ontario,Essex County,2020-08-05,-14,4,197,-39,-35
Canada,Ontario,Essex County,2020-08-06,-15,2,197,-41,-35
Canada,Ontario,Essex County,2020-08-07,-23,-5,191,-43,-34
Canada,Ontario,Essex County,2020-08-08,-23,-5,261,-29,-8
Canada,Ontario,Essex County,2020-08-09,-21,-6,215,-25,-10
Canada,Ontario,Essex County,2020-08-10,-20,-5,152,-46,-37
Canada,Ontario,Essex County,2020-08-11,-18,0,163,-45,-36
Canada,Ontario,Essex County,2020-08-12,-14,3,183,-44,-35
Canada,Ontario,Essex County,2020-08-13,-13,1,182,-46,-36
Canada,Ontario,Essex County,2020-08-14,-20,-4,156,-45,-34
Canada,Ontario,Essex County,2020-08-15,-20,-5,233,-30,-8
Canada,Ontario,Essex County,2020-08-16,-19,-6,164,-37,-10
Canada,Ontario,Essex County,2020-08-17,-15,-3,,-47,-36
Canada,Ontario,Essex County,2020-08-18,-15,-1,,-49,-35
Canada,Ontario,Essex County,2020-08-19,-14,1,,-46,-34
Canada,Ontario,Essex County,2020-08-20,-10,4,,-47,-34
Canada,Ontario,Essex County,2020-08-21,-19,-4,,-46,-32
Canada,Ontario,Essex County,2020-08-22,-20,-3,,-35,-6
Canada,Ontario,Essex County,2020-08-23,-18,-5,,,-6
Canada,Ontario,Essex County,2020-08-24,-15,-2,,-49,-36
Canada,Ontario,Essex County,2020-08-25,-13,3,,-46,-34
Canada,Ontario,Essex County,2020-08-26,-15,0,,-51,-34
Canada,Ontario,Essex County,2020-08-27,-12,3,,-44,-34
Canada,Ontario,Essex County,2020-08-28,-25,-9,,-52,-33
Canada,Ontario,Essex County,2020-08-29,-18,3,,,-6
Canada,Ontario,Essex County,2020-08-30,-14,-1,,,-8
Canada,Ontario,Essex County,2020-08-31,-11,0,,-42,-36
Canada,Ontario,Essex County,2020-09-01,-12,1,,-42,-35
Canada,Ontario,Essex County,2020-09-02,-12,4,,-41,-34
Canada,Ontario,Essex County,2020-09-03,-10,3,,-43,-35
Canada,Ontario,Essex County,2020-09-04,-13,3,,-40,-37
Canada,Ontario,Essex County,2020-09-05,-19,-1,,,-14
Canada,Ontario,Essex County,2020-09-06,-13,0,,,-15
Canada,Ontario,Essex County,2020-09-07,-30,-16,,-60,-74
Canada,Ontario,Essex County,2020-09-08,-13,2,,-45,-37
Canada,Ontario,Essex County,2020-09-09,-12,7,,-43,-33
Canada,Ontario,Essex County,2020-09-10,-10,6,,-40,-34
Canada,Ontario,Essex County,2020-09-11,-17,-2,133,-37,-29
Canada,Ontario,Essex County,2020-09-12,-17,0,195,-25,-1
Canada,Ontario,Essex County,2020-09-13,-17,7,163,-23,-7
Canada,Ontario,Essex County,2020-09-14,-14,1,117,-40,-31
Canada,Ontario,Essex County,2020-09-15,-11,3,127,-38,-30
Canada,Ontario,Essex County,2020-09-16,-13,0,135,-37,-30
Canada,Ontario,Essex County,2020-09-17,-12,-1,118,-38,-31
Canada,Ontario,Essex County,2020-09-18,-16,-3,93,-38,-25
Canada,Ontario,Essex County,2020-09-19,-15,2,162,-25,-2
Canada,Ontario,Essex County,2020-09-20,-15,7,160,-27,-7
Canada,Ontario,Essex County,2020-09-21,-15,-3,124,-39,-32
Canada,Ontario,Essex County,2020-09-22,-14,0,111,-42,-30
Canada,Ontario,Essex County,2020-09-23,-16,3,127,-40,-28
Canada,Ontario,Essex County,2020-09-24,-14,1,123,-43,-29
Canada,Ontario,Essex County,2020-09-25,-20,-5,122,-40,-25
Canada,Ontario,Essex County,2020-09-26,-18,2,186,-27,-5
Canada,Ontario,Essex County,2020-09-27,-17,7,155,-29,-6
Canada,Ontario,Essex County,2020-09-28,-19,-3,33,-47,-32
Canada,Ontario,Essex County,2020-09-29,-13,3,80,-42,-30
Canada,Ontario,Essex County,2020-09-30,-13,6,39,-40,-30
Canada,Ontario,Essex County,2020-10-01,-13,5,64,-42,-29
Canada,Ontario,Essex County,2020-10-02,-19,-1,64,-36,-25
Canada,Ontario,Essex County,2020-10-03,-17,0,125,-24,-7
Canada,Ontario,Essex County,2020-10-04,-24,4,16,-31,-11
Canada,Ontario,Essex County,2020-10-05,-15,3,91,-39,-31
Canada,Ontario,Essex County,2020-10-06,-13,4,95,-39,-30
Canada,Ontario,Essex County,2020-10-07,-15,7,97,-41,-29
Canada,Ontario,Essex County,2020-10-08,-13,8,110,-39,-29
Canada,Ontario,Essex County,2020-10-09,-18,9,111,-35,-27
Canada,Ontario,Essex County,2020-10-10,-23,6,161,-25,-11
Canada,Ontario,Essex County,2020-10-11,-28,4,112,-28,-13
Canada,Ontario,Essex County,2020-10-12,-54,-32,161,-64,-75
Canada,Ontario,Essex County,2020-10-13,-15,5,95,-37,-31
Canada,Ontario,Essex County,2020-10-14,-16,5,75,-36,-28
Canada,Ontario,Essex County,2020-10-15,-16,2,26,-43,-29
Canada,Ontario,Essex County,2020-10-16,-19,0,72,-38,-24
Canada,Ontario,Essex County,2020-10-17,-18,1,126,-26,-6
Canada,Ontario,Essex County,2020-10-18,-23,2,41,-32,-9
Canada,Ontario,Essex County,2020-10-19,-22,-5,12,-46,-28
Canada,Ontario,Essex County,2020-10-20,-14,3,61,-38,-27
Canada,Ontario,Essex County,2020-10-21,-17,4,64,-39,-25
Canada,Ontario,Essex County,2020-10-22,-17,1,45,-38,-26
Canada,Ontario,Essex County,2020-10-23,-23,-7,58,-37,-22
Canada,Ontario,Essex County,2020-10-24,-17,4,81,-20,-5
Canada,Ontario,Essex County,2020-10-25,-22,4,42,-26,-10
Canada,Ontario,Essex County,2020-10-26,-20,-1,33,-42,-27
Canada,Ontario,Essex County,2020-10-27,-17,-1,14,-41,-26
Canada,Ontario,Essex County,2020-10-28,-15,7,60,-40,-24
Canada,Ontario,Essex County,2020-10-29,-14,4,31,-43,-25
Canada,Ontario,Essex County,2020-10-30,-17,5,14,-39,-21
Canada,Ontario,Essex County,2020-10-31,-17,9,80,-22,-5
Canada,Ontario,Essex County,2020-11-01,-25,-2,-4,-38,-13
Canada,Ontario,Essex County,2020-11-02,-20,-2,21,-46,-29
Canada,Ontario,Essex County,2020-11-03,-16,2,53,-43,-27
Canada,Ontario,Essex County,2020-11-04,-18,2,74,-42,-26
Canada,Ontario,Essex County,2020-11-05,-16,1,55,-43,-27
Canada,Ontario,Essex County,2020-11-06,-20,-2,69,-43,-22
Canada,Ontario,Essex County,2020-11-07,-18,-1,143,-33,-4
Canada,Ontario,Essex County,2020-11-08,-19,3,153,-32,-7
Canada,Ontario,Essex County,2020-11-09,-19,-3,102,-43,-26
Canada,Ontario,Essex County,2020-11-10,-14,2,95,-41,-25
Canada,Ontario,Essex County,2020-11-11,-15,4,45,-43,-29
Canada,Ontario,Essex County,2020-11-12,-15,1,31,-43,-26
Canada,Ontario,Essex County,2020-11-13,-19,-2,12,-42,-24
Canada,Ontario,Essex County,2020-11-14,-17,3,52,-31,-5
Canada,Ontario,Essex County,2020-11-15,-29,-7,-22,-43,-12
Canada,Ontario,Essex County,2020-11-16,-19,-2,15,-46,-25
Canada,Ontario,Essex County,2020-11-17,-18,-3,-1,-45,-25
Canada,Ontario,Essex County,2020-11-18,-17,2,16,-43,-24
Canada,Ontario,Essex County,2020-11-19,-14,-1,35,-43,-25
Canada,Ontario,Essex County,2020-11-20,-16,1,57,-38,-21
Canada,Ontario,Essex County,2020-11-21,-15,5,57,-30,-5
Canada,Ontario,Essex County,2020-11-22,-25,-1,-31,-42,-12
Canada,Ontario,Essex County,2020-11-23,-18,-1,8,-49,-27
Canada,Ontario,Essex County,2020-11-24,-17,-2,-2,-47,-27
Canada,Ontario,Essex County,2020-11-25,-18,2,-17,-49,-25
Canada,Ontario,Essex County,2020-11-26,-9,8,9,-45,-28
Canada,Ontario,Essex County,2020-11-27,-15,5,6,-41,-24
Canada,Ontario,Essex County,2020-11-28,-15,7,69,-31,-5
Canada,Ontario,Essex County,2020-11-29,-18,8,38,-37,-6
Canada,Ontario,Essex County,2020-11-30,-24,-8,-22,-55,-29
Canada,Ontario,Essex County,2020-12-01,-28,-12,-17,-54,-31
Canada,Ontario,Essex County,2020-12-02,-19,3,13,-47,-25
Canada,Ontario,Essex County,2020-12-03,-17,3,10,-47,-26
Canada,Ontario,Essex County,2020-12-04,-23,-1,5,-48,-22
Canada,Ontario,Essex County,2020-12-05,-23,1,31,-38,-7
Canada,Ontario,Essex County,2020-12-06,-28,-1,8,-46,-11
Canada,Ontario,Essex County,2020-12-07,-23,-5,1,-53,-29
Canada,Ontario,Essex County,2020-12-08,-21,-2,5,-49,-26
Canada,Ontario,Essex County,2020-12-09,-20,5,10,-49,-26
Canada,Ontario,Essex County,2020-12-10,-14,9,30,-47,-26
Canada,Ontario,Essex County,2020-12-11,-19,8,27,-47,-22
Canada,Ontario,Essex County,2020-12-12,-23,7,15,-44,-8
Canada,Ontario,Essex County,2020-12-13,-21,8,15,-46,-9
Canada,Ontario,Essex County,2020-12-14,-43,-17,-4,-61,-35
Canada,Ontario,Essex County,2020-12-15,-36,-9,0,-60,-35
Canada,Ontario,Essex County,2020-12-16,-39,-9,-18,-60,-34
Canada,Ontario,Essex County,2020-12-17,-34,-4,-6,-58,-34
Canada,Ontario,Essex County,2020-12-18,-37,-7,-2,-60,-31
Canada,Ontario,Essex County,2020-12-19,-40,-5,7,-53,-16
Canada,Ontario,Essex County,2020-12-20,-39,-3,9,-56,-19
Canada,Ontario,Essex County,2020-12-21,-26,7,1,-59,-40
Canada,Ontario,Essex County,2020-12-22,-18,23,30,-58,-41
Canada,Ontario,Essex County,2020-12-23,-15,41,30,-55,-44
Canada,Ontario,Essex County,2020-12-24,-28,32,3,-65,-68
Canada,Ontario,Essex County,2020-12-25,-87,-77,-22,-84,-86
Canada,Ontario,Essex County,2020-12-26,-64,-39,15,-67,-51
Canada,Ontario,Essex County,2020-12-27,-50,-22,29,-61,-32
Canada,Ontario,Essex County,2020-12-28,-42,-11,16,-71,-68
Canada,Ontario,Essex County,2020-12-29,-36,-3,36,-64,-59
Canada,Ontario,Essex County,2020-12-30,-36,6,-23,-65,-58
Canada,Ontario,Essex County,2020-12-31,-30,20,43,-63,-65
Canada,Ontario,Essex County,2021-01-01,-82,-70,-31,-85,-85
Canada,Ontario,Essex County,2021-01-02,-52,-18,20,-62,-36
Canada,Ontario,Essex County,2021-01-03,-53,-19,-2,-61,-25
Canada,Ontario,Essex County,2021-01-04,-44,-12,1,-65,-40
Canada,Ontario,Essex County,2021-01-05,-43,-10,-5,-63,-40
Canada,Ontario,Essex County,2021-01-06,-44,-10,2,-61,-39
Canada,Ontario,Essex County,2021-01-07,-44,-10,2,-63,-39
Canada,Ontario,Essex County,2021-01-08,-47,-14,-13,-64,-36
Canada,Ontario,Essex County,2021-01-09,-48,-10,64,-56,-19
Canada,Ontario,Essex County,2021-01-10,-48,-11,42,-57,-21
Canada,Ontario,Essex County,2021-01-11,-47,-17,-16,-64,-38
Canada,Ontario,Essex County,2021-01-12,-45,-12,-19,-63,-38
Canada,Ontario,Essex County,2021-01-13,-43,-6,21,-59,-37
Canada,Ontario,Essex County,2021-01-14,-53,-22,1,-65,-40
Canada,Ontario,Essex County,2021-01-15,-56,-26,-43,-69,-38
Canada,Ontario,Essex County,2021-01-16,-56,-20,2,-62,-26
Canada,Ontario,Essex County,2021-01-17,-57,-21,-19,-66,-28
Canada,Ontario,Essex County,2021-01-18,-53,-25,-16,-68,-42
Canada,Ontario,Essex County,2021-01-19,-50,-20,-12,-65,-40
Canada,Ontario,Essex County,2021-01-20,-50,-20,-25,-64,-40
Canada,Ontario,Essex County,2021-01-21,-46,-15,7,-65,-39
Canada,Ontario,Essex County,2021-01-22,-50,-21,-30,-69,-36
Canada,Ontario,Essex County,2021-01-23,-48,-11,36,-60,-23
Canada,Ontario,Essex County,2021-01-24,-57,-24,-8,-65,-28
Canada,Ontario,Essex County,2021-01-25,-50,-21,-14,-67,-40
Canada,Ontario,Essex County,2021-01-26,-51,-24,-14,-67,-41
Canada,Ontario,Essex County,2021-01-27,-47,-15,5,-64,-38
Canada,Ontario,Essex County,2021-01-28,-47,-16,-15,-66,-39
Canada,Ontario,Essex County,2021-01-29,-46,-14,3,-65,-35
Canada,Ontario,Essex County,2021-01-30,-47,-9,24,-63,-19
Canada,Ontario,Essex County,2021-01-31,-54,-18,8,-66,-27
Canada,Ontario,Essex County,2021-02-01,-50,-21,-9,-68,-40
Canada,Ontario,Essex County,2021-02-02,-44,-13,11,-64,-39
Canada,Ontario,Essex County,2021-02-03,-45,-11,29,-62,-37
Canada,Ontario,Essex County,2021-02-04,-44,-11,-2,-64,-38
Canada,Ontario,Essex County,2021-02-05,-53,-25,-23,-68,-36
Canada,Ontario,Essex County,2021-02-06,-48,-8,22,-63,-21
Canada,Ontario,Essex County,2021-02-07,-51,-11,8,-67,-25
Canada,Ontario,Essex County,2021-02-08,-48,-21,-19,-65,-39
Canada,Ontario,Essex County,2021-02-09,-45,-15,3,-61,-37
Canada,Ontario,Essex County,2021-02-10,-44,-9,-5,-62,-36
Canada,Ontario,Essex County,2021-02-11,-41,-8,0,-62,-36
Canada,Ontario,Essex County,2021-02-12,-44,-8,0,-66,-36
Canada,Ontario,Essex County,2021-02-13,-46,1,17,-63,-24
Canada,Ontario,Essex County,2021-02-14,-39,3,70,-60,-23
Canada,Ontario,Essex County,2021-02-15,-63,-35,38,-77,-69
Canada,Ontario,Essex County,2021-02-16,-44,-28,-25,-66,-48
Canada,Ontario,Essex County,2021-02-17,-30,-1,-7,-58,-33
Canada,Ontario,Essex County,2021-02-18,-34,-9,-8,-61,-34
Canada,Ontario,Essex County,2021-02-19,-33,-7,-3,-55,-29
Canada,Ontario,Essex County,2021-02-20,-32,-6,59,-48,-15
Canada,Ontario,Essex County,2021-02-21,-35,-4,38,-53,-17
Canada,Ontario,Essex County,2021-02-22,-36,-14,-21,-61,-35
Canada,Ontario,Essex County,2021-02-23,-28,-6,20,-57,-33
Canada,Ontario,Essex County,2021-02-24,-29,-7,22,-61,-31
Canada,Ontario,Essex County,2021-02-25,-28,-6,22,-59,-32
Canada,Ontario,Essex County,2021-02-26,-30,-6,17,-58,-29
Canada,Ontario,Essex County,2021-02-27,-29,-5,96,-55,-14
Canada,Ontario,Essex County,2021-02-28,-33,-4,58,-54,-17
Canada,Ontario,Essex County,2021-03-01,-32,-12,10,-59,-32
Canada,Ontario,Essex County,2021-03-02,-29,-9,13,-58,-31
Canada,Ontario,Essex County,2021-03-03,-27,-3,74,-54,-29
Canada,Ontario,Essex County,2021-03-04,-29,-8,-2,-58,-31
Canada,Ontario,Essex County,2021-03-05,-30,-8,24,-58,-26
Canada,Ontario,Essex County,2021-03-06,-28,-4,80,-53,-14
Canada,Ontario,Essex County,2021-03-07,-30,-5,79,-53,-16
Canada,Ontario,Essex County,2021-03-08,-28,-11,89,-55,-32
Canada,Ontario,Essex County,2021-03-09,-25,-7,81,-53,-30
Canada,Ontario,Essex County,2021-03-10,-24,-2,69,-55,-28
Canada,Ontario,Essex County,2021-03-11,-24,-4,61,-55,-30
Canada,Ontario,Essex County,2021-03-12,-26,-6,54,-52,-25
Canada,Ontario,Essex County,2021-03-13,-23,-1,105,-51,-12
Canada,Ontario,Essex County,2021-03-14,-25,1,88,-51,-13
Canada,Ontario,Essex County,2021-03-15,-28,-10,10,-58,-31
Canada,Ontario,Essex County,2021-03-16,-24,-1,61,-54,-30
Canada,Ontario,Essex County,2021-03-17,-22,0,71,-52,-28
Canada,Ontario,Essex County,2021-03-18,-28,-7,-17,-59,-30
Canada,Ontario,Essex County,2021-03-19,-24,-2,37,-55,-24
Canada,Ontario,Essex County,2021-03-20,-20,0,137,-49,-9
Canada,Ontario,Essex County,2021-03-21,-20,3,184,-45,-11
Canada,Ontario,Essex County,2021-03-22,-22,-6,138,-54,-30
Canada,Ontario,Essex County,2021-03-23,-22,-4,94,-52,-29
Canada,Ontario,Essex County,2021-03-24,-21,1,101,-53,-28
Canada,Ontario,Essex County,2021-03-25,-20,0,68,-55,-29
Canada,Ontario,Essex County,2021-03-26,-25,-7,27,-56,-24
Canada,Ontario,Essex County,2021-03-27,-19,2,145,-49,-10
Canada,Ontario,Essex County,2021-03-28,-27,0,3,-57,-14
Canada,Ontario,Essex County,2021-03-29,-19,-2,73,-57,-32
Canada,Ontario,Essex County,2021-03-30,-16,0,111,-53,-30
Canada,Ontario,Essex County,2021-03-31,-13,12,49,-52,-29
Canada,Ontario,Essex County,2021-04-01,-1,30,6,-54,-32
Canada,Ontario,Essex County,2021-04-02,-46,-21,105,-71,-71
Canada,Ontario,Essex County,2021-04-03,-27,18,107,-56,-25
Canada,Ontario,Essex County,2021-04-04,-61,-43,183,-55,-30
Canada,Ontario,Essex County,2021-04-05,-28,-4,70,-63,-49
Canada,Ontario,Essex County,2021-04-06,-25,1,162,-55,-33
Canada,Ontario,Essex County,2021-04-07,-13,14,159,-51,-32
Canada,Ontario,Essex County,2021-04-08,-40,-9,49,-57,-34
Canada,Ontario,Essex County,2021-04-09,-39,-5,97,-58,-30
Canada,Ontario,Essex County,2021-04-10,-43,-10,148,-53,-16
Canada,Ontario,Essex County,2021-04-11,-43,-6,91,-57,-19
Canada,Ontario,Essex County,2021-04-12,-38,-6,74,-62,-40
Canada,Ontario,Essex County,2021-04-13,-33,-1,166,-57,-39
Canada,Ontario,Essex County,2021-04-14,-35,-1,86,-56,-38
Canada,Ontario,Essex County,2021-04-15,-36,-2,29,-60,-39
Canada,Ontario,Essex County,2021-04-16,-39,-3,52,-58,-36
Canada,Ontario,Essex County,2021-04-17,-46,-11,96,-57,-19
Canada,Ontario,Essex County,2021-04-18,-45,-6,129,-54,-20
Canada,Ontario,Essex County,2021-04-19,-42,-14,54,-60,-40
Canada,Ontario,Essex County,2021-04-20,-40,-6,-3,-62,-39
Canada,Ontario,Essex County,2021-04-21,-42,-3,15,-60,-38
Canada,Ontario,Essex County,2021-04-22,-39,-3,42,-59,-38
Canada,Ontario,Essex County,2021-04-23,-39,-5,97,-58,-34
Canada,Ontario,Essex County,2021-04-24,-43,-7,81,-57,-18
Canada,Ontario,Essex County,2021-04-25,-41,0,133,-51,-21
Canada,Ontario,Essex County,2021-04-26,-38,-7,70,-59,-39
Canada,Ontario,Essex County,2021-04-27,-34,-5,190,-53,-38
Canada,Ontario,Essex County,2021-04-28,-35,1,86,-56,-37
Canada,Ontario,Essex County,2021-04-29,-36,-1,5,-61,-39
Canada,Ontario,Essex County,2021-04-30,-35,2,72,-55,-34
Canada,Ontario,Essex County,2021-05-01,-38,0,151,-50,-19
Canada,Ontario,Essex County,2021-05-02,-35,0,240,-50,-20
Canada,Ontario,Essex County,2021-05-03,-38,-7,22,-61,-41
Canada,Ontario,Essex County,2021-05-04,-33,1,100,-54,-39
Canada,Ontario,Essex County,2021-05-05,-34,5,75,-55,-38
Canada,Ontario,Essex County,2021-05-06,-33,2,64,-58,-38
Canada,Ontario,Essex County,2021-05-07,-36,2,62,-60,-35
Canada,Ontario,Essex County,2021-05-08,-31,20,144,-50,-18
Canada,Ontario,Essex County,2021-05-09,-36,8,23,-59,-17
Canada,Ontario,Essex County,2021-05-10,-37,-4,98,-62,-39
Canada,Ontario,Essex County,2021-05-11,-33,3,98,-57,-38
Canada,Ontario,Essex County,2021-05-12,-32,6,142,-51,-37
Canada,Ontario,Essex County,2021-05-13,-29,5,187,-52,-39
Canada,Ontario,Essex County,2021-05-14,-34,0,156,-55,-35
Canada,Ontario,Essex County,2021-05-15,-33,4,220,-44,-18
Canada,Ontario,Essex County,2021-05-16,-34,5,168,-50,-18
Canada,Ontario,Essex County,2021-05-17,-33,-1,155,-57,-38
Canada,Ontario,Essex County,2021-05-18,-31,5,159,-53,-37
Canada,Ontario,Essex County,2021-05-19,-29,7,147,-53,-36
Canada,Ontario,Essex County,2021-05-20,-27,11,140,-55,-37
Canada,Ontario,Essex County,2021-05-21,-31,11,142,-54,-36
Canada,Ontario,Essex County,2021-05-22,-34,5,217,-44,-21
Canada,Ontario,Essex County,2021-05-23,-32,4,157,-55,-23
Canada,Ontario,Essex County,2021-05-24,-44,-16,291,-70,-75
Canada,Ontario,Essex County,2021-05-25,-31,8,129,-57,-38
Canada,Ontario,Essex County,2021-05-26,-31,9,96,-54,-36
Canada,Ontario,Essex County,2021-05-27,-27,6,138,-57,-35
Canada,Ontario,Essex County,2021-05-28,-39,-6,2,-63,-33
Canada,Ontario,Essex County,2021-05-29,-31,9,190,-46,-10
Canada,Ontario,Essex County,2021-05-30,-29,8,253,-47,-12
Canada,Ontario,Essex County,2021-05-31,-27,4,160,-56,-38
Canada,Ontario,Essex County,2021-06-01,-28,8,193,-52,-35
Canada,Ontario,Essex County,2021-06-02,-33,4,40,-56,-34
Canada,Ontario,Essex County,2021-06-03,-27,12,167,-54,-34
Canada,Ontario,Essex County,2021-06-04,-30,8,173,-54,-31
Canada,Ontario,Essex County,2021-06-05,-32,8,245,-45,-12
Canada,Ontario,Essex County,2021-06-06,-32,8,246,-48,-13
Canada,Ontario,Essex County,2021-06-07,-32,2,130,-58,-36
Canada,Ontario,Essex County,2021-06-08,-31,12,113,-56,-34
Canada,Ontario,Essex County,2021-06-09,-30,10,155,-52,-33
Canada,Ontario,Essex County,2021-06-10,-27,13,166,-54,-34
Canada,Ontario,Essex County,2021-06-11,-16,9,150,-52,-32
Canada,Ontario,Essex County,2021-06-12,-20,6,224,-40,-12
Canada,Ontario,Essex County,2021-06-13,-17,8,203,-37,-10
Canada,Ontario,Essex County,2021-06-14,-16,4,120,-56,-36
Canada,Ontario,Essex County,2021-06-15,-13,14,156,-52,-33
Canada,Ontario,Essex County,2021-06-16,-14,11,163,-51,-33
Canada,Ontario,Essex County,2021-06-17,-14,9,170,-54,-34
Canada,Ontario,Essex County,2021-06-18,-20,10,99,-55,-32
Canada,Ontario,Essex County,2021-06-19,-19,11,168,-43,-14
Canada,Ontario,Essex County,2021-06-20,-20,6,193,-47,-11
Canada,Ontario,Essex County,2021-06-21,-20,1,114,-57,-36
Canada,Ontario,Essex County,2021-06-22,-16,10,147,-53,-34
Canada,Ontario,Essex County,2021-06-23,-15,7,158,-53,-33
Canada,Ontario,Essex County,2021-06-24,-13,8,175,-52,-35
Canada,Ontario,Essex County,2021-06-25,-27,-1,23,-58,-32
Canada,Ontario,Essex County,2021-06-26,-22,5,144,-48,-12
Canada,Ontario,Essex County,2021-06-27,-20,4,176,-49,-11
Canada,Ontario,Essex County,2021-06-28,-15,4,133,-59,-37
Canada,Ontario,Essex County,2021-06-29,-19,4,102,-58,-38
Canada,Ontario,Essex County,2021-06-30,-3,25,116,-51,-36
Canada,Ontario,Essex County,2021-07-01,-25,-2,251,-63,-57
Canada,Ontario,Essex County,2021-07-02,-12,16,211,-53,-55
Canada,Ontario,Essex County,2021-07-03,-20,5,267,-45,-24
Canada,Ontario,Essex County,2021-07-04,-20,5,207,-48,-15
Canada,Ontario,Essex County,2021-07-05,-11,11,163,-57,-41
Canada,Ontario,Essex County,2021-07-06,-14,8,115,-54,-37
Canada,Ontario,Essex County,2021-07-07,-15,13,114,-50,-36
Canada,Ontario,Essex County,2021-07-08,-14,11,92,-55,-37
Canada,Ontario,Essex County,2021-07-09,-15,8,173,-51,-34
Canada,Ontario,Essex County,2021-07-10,-17,4,246,-37,-13
Canada,Ontario,Essex County,2021-07-11,-26,1,22,-57,-15
Canada,Ontario,Essex County,2021-07-12,-17,6,98,-56,-37
Canada,Ontario,Essex County,2021-07-13,-15,9,99,-55,-35
Canada,Ontario,Essex County,2021-07-14,-11,11,188,-48,-34
Canada,Ontario,Essex County,2021-07-15,-12,10,141,-52,-35
Canada,Ontario,Essex County,2021-07-16,-23,-5,21,-60,-34
Canada,Ontario,Essex County,2021-07-17,-14,7,201,-39,-12
Canada,Ontario,Essex County,2021-07-18,-13,8,230,-39,-9
Canada,Ontario,Essex County,2021-07-19,-10,6,161,-52,-38
Canada,Ontario,Essex County,2021-07-20,-6,11,142,-53,-36
Canada,Ontario,Essex County,2021-07-21,-5,15,193,-50,-34
Canada,Ontario,Essex County,2021-07-22,-6,13,185,-52,-35
Canada,Ontario,Essex County,2021-07-23,-16,7,115,-53,-33
Canada,Ontario,Essex County,2021-07-24,-18,3,161,-41,-11
Canada,Ontario,Essex County,2021-07-25,-14,11,197,-42,-7
Canada,Ontario,Essex County,2021-07-26,-12,8,166,-51,-37
Canada,Ontario,Essex County,2021-07-27,-10,13,168,-52,-34
Canada,Ontario,Essex County,2021-07-28,-8,16,181,-49,-33
Canada,Ontario,Essex County,2021-07-29,-8,15,146,-52,-34
Canada,Ontario,Essex County,2021-07-30,-12,13,162,-48,-33
Canada,Ontario,Essex County,2021-07-31,-15,7,246,-37,-14
Canada,Ontario,Essex County,2021-08-01,-9,13,219,-42,-12
Canada,Ontario,Essex County,2021-08-02,-18,-1,268,-62,-67
Canada,Ontario,Essex County,2021-08-03,-9,14,175,-53,-35
Canada,Ontario,Essex County,2021-08-04,-10,15,171,-47,-33
Canada,Ontario,Essex County,2021-08-05,-9,12,172,-50,-33
Canada,Ontario,Essex County,2021-08-06,-16,6,142,-50,-30
Canada,Ontario,Essex County,2021-08-07,-17,6,214,-37,-5
Canada,Ontario,Essex County,2021-08-08,-15,9,187,-44,-8
Canada,Ontario,Essex County,2021-08-09,-15,6,105,-54,-35
Canada,Ontario,Essex County,2021-08-10,-10,11,138,-51,-33
Canada,Ontario,Essex County,2021-08-11,-11,7,97,-49,-32
Canada,Ontario,Essex County,2021-08-12,-8,13,121,-51,-34
Canada,Ontario,Essex County,2021-08-13,-15,6,132,-48,-31
Canada,Ontario,Essex County,2021-08-14,-14,6,254,-31,-5
Canada,Ontario,Essex County,2021-08-15,-11,11,235,-37,-7
Canada,Ontario,Essex County,2021-08-16,-12,7,102,-54,-37
Canada,Ontario,Essex County,2021-08-17,-9,11,168,-48,-35
Canada,Ontario,Essex County,2021-08-18,-9,14,150,-50,-33
Canada,Ontario,Essex County,2021-08-19,-8,14,170,-51,-34
Canada,Ontario,Essex County,2021-08-20,-13,10,150,-50,-32
Canada,Ontario,Essex County,2021-08-21,-16,7,220,-38,-10
Canada,Ontario,Essex County,2021-08-22,-14,11,179,-45,-6
Canada,Ontario,Essex County,2021-08-23,-9,8,153,-51,-36
Canada,Ontario,Essex County,2021-08-24,-10,13,127,-53,-34
Canada,Ontario,Essex County,2021-08-25,-8,15,134,-47,-33
Canada,Ontario,Essex County,2021-08-26,-8,13,128,-51,-34
Canada,Ontario,Essex County,2021-08-27,-15,7,120,-51,-32
Canada,Ontario,Essex County,2021-08-28,-16,7,202,-43,-9
Canada,Ontario,Essex County,2021-08-29,-15,10,148,-44,-6
Canada,Ontario,Essex County,2021-08-30,-9,12,157,-50,-37
Canada,Ontario,Essex County,2021-08-31,-3,18,158,-47,-35
Canada,Ontario,Essex County,2021-09-01,-3,20,168,-43,-33
Canada,Ontario,Essex County,2021-09-02,-1,18,169,-46,-35
Canada,Ontario,Essex County,2021-09-03,-9,13,160,-45,-35
Canada,Ontario,Essex County,2021-09-04,-12,9,213,-30,-17
Canada,Ontario,Essex County,2021-09-05,-1,18,258,-31,-15
Canada,Ontario,Essex County,2021-09-06,-19,2,274,-58,-76
Canada,Ontario,Essex County,2021-09-07,-7,18,103,-38,-35
Canada,Ontario,Essex County,2021-09-08,-6,21,133,-32,-32
Canada,Ontario,Essex County,2021-09-09,-6,17,125,-41,-33
Canada,Ontario,Essex County,2021-09-10,-10,11,151,-38,-29
Canada,Ontario,Essex County,2021-09-11,-10,9,219,-30,-8
Canada,Ontario,Essex County,2021-09-12,-10,17,173,-36,-6
Canada,Ontario,Essex County,2021-09-13,-7,11,127,-37,-35
Canada,Ontario,Essex County,2021-09-14,-10,12,102,-38,-34
Canada,Ontario,Essex County,2021-09-15,-6,16,126,-38,-32
Canada,Ontario,Essex County,2021-09-16,-6,14,143,-38,-33
Canada,Ontario,Essex County,2021-09-17,-9,6,151,-39,-30
Canada,Ontario,Essex County,2021-09-18,-8,7,219,-32,-7
Canada,Ontario,Essex County,2021-09-19,-7,14,199,-37,-7
Canada,Ontario,Essex County,2021-09-20,3,12,158,-38,-33
Canada,Ontario,Essex County,2021-09-21,-9,9,57,-42,-31
Canada,Ontario,Essex County,2021-09-22,-15,-1,-4,-49,-27
Canada,Ontario,Essex County,2021-09-23,-9,12,28,-47,-27
Canada,Ontario,Essex County,2021-09-24,-11,6,127,-39,-23
Canada,Ontario,Essex County,2021-09-25,-11,6,128,-36,-6
Canada,Ontario,Essex County,2021-09-26,-9,13,167,-34,-4
Canada,Ontario,Essex County,2021-09-27,-10,7,140,-42,-27
Canada,Ontario,Essex County,2021-09-28,-7,10,125,-41,-25
Canada,Ontario,Essex County,2021-09-29,-3,17,126,-34,-23
Canada,Ontario,Essex County,2021-09-30,-4,14,136,-39,-27
Canada,Ontario,Essex County,2021-10-01,-10,7,132,-36,-21
Canada,Ontario,Essex County,2021-10-02,-12,5,151,-29,-2
Canada,Ontario,Essex County,2021-10-03,-14,13,63,-39,-6
Canada,Ontario,Essex County,2021-10-04,-11,7,89,-39,-26
Canada,Ontario,Essex County,2021-10-05,-6,15,80,-37,-24
Canada,Ontario,Essex County,2021-10-06,-7,15,83,-35,-21
Canada,Ontario,Essex County,2021-10-07,-4,15,89,-36,-23
Canada,Ontario,Essex County,2021-10-08,-9,15,84,-37,-20
Canada,Ontario,Essex County,2021-10-09,-11,14,183,-23,-7
Canada,Ontario,Essex County,2021-10-10,-18,9,122,-37,-17
Canada,Ontario,Essex County,2021-10-11,-43,-23,228,-59,-76
Canada,Ontario,Essex County,2021-10-12,-8,15,97,-33,-24
Canada,Ontario,Essex County,2021-10-13,-6,13,122,-33,-21
Canada,Ontario,Essex County,2021-10-14,-8,9,97,-35,-22
Canada,Ontario,Essex County,2021-10-15,-14,1,16,-40,-18
Canada,Ontario,Essex County,2021-10-16,-9,9,95,-31,1
Canada,Ontario,Essex County,2021-10-17,-7,14,118,-26,-4
Canada,Ontario,Essex County,2021-10-18,-9,7,104,-38,-24
Canada,Ontario,Essex County,2021-10-19,-9,8,111,-37,-23
Canada,Ontario,Essex County,2021-10-20,-5,16,118,-36,-20
Canada,Ontario,Essex County,2021-10-21,-8,8,44,-40,-22
Canada,Ontario,Essex County,2021-10-22,-11,4,68,-37,-17
Canada,Ontario,Essex County,2021-10-23,-8,8,113,-27,-4
Canada,Ontario,Essex County,2021-10-24,-13,8,41,-37,-6
Canada,Ontario,Essex County,2021-10-25,-17,-1,-4,-47,-25
Canada,Ontario,Essex County,2021-10-26,-7,11,48,-39,-21
Canada,Ontario,Essex County,2021-10-27,-5,15,59,-37,-20
Canada,Ontario,Essex County,2021-10-28,-2,14,77,-30,-21
Canada,Ontario,Essex County,2021-10-29,-11,5,-7,-43,-17
Canada,Ontario,Essex County,2021-10-30,-6,17,39,-30,-6
Canada,Ontario,Essex County,2021-10-31,-9,15,100,-21,-6
Canada,Ontario,Essex County,2021-11-01,-10,7,44,-38,-24
Canada,Ontario,Essex County,2021-11-02,-9,8,35,-38,-21
Canada,Ontario,Essex County,2021-11-03,-8,13,41,-35,-20
Canada,Ontario,Essex County,2021-11-04,-7,12,41,-38,-21
Canada,Ontario,Essex County,2021-11-05,-10,5,53,-37,-17
Canada,Ontario,Essex County,2021-11-06,-7,7,92,-28,-7
Canada,Ontario,Essex County,2021-11-07,-8,14,117,-31,-7
Canada,Ontario,Essex County,2021-11-08,-11,7,82,-39,-22
Canada,Ontario,Essex County,2021-11-09,-9,7,39,-37,-20
Canada,Ontario,Essex County,2021-11-10,-6,13,59,-36,-19
Canada,Ontario,Essex County,2021-11-11,-7,6,47,-39,-25
Canada,Ontario,Essex County,2021-11-12,-10,2,26,-39,-26
Canada,Ontario,Essex County,2021-11-13,-11,3,29,-32,-8
Canada,Ontario,Essex County,2021-11-14,-18,3,-20,-42,-7
Canada,Ontario,Essex County,2021-11-15,-12,4,15,-41,-22
Canada,Ontario,Essex County,2021-11-16,-10,8,33,-40,-20
Canada,Ontario,Essex County,2021-11-17,-10,12,29,-39,-19
Canada,Ontario,Essex County,2021-11-18,-6,10,19,-39,-19
Canada,Ontario,Essex County,2021-11-19,-8,7,22,-37,-17
Canada,Ontario,Essex County,2021-11-20,-7,10,64,-33,-6
Canada,Ontario,Essex County,2021-11-21,-11,13,5,-39,-7
Canada,Ontario,Essex County,2021-11-22,-10,8,15,-38,-22
Canada,Ontario,Essex County,2021-11-23,-8,9,27,-38,-21
Canada,Ontario,Essex County,2021-11-24,-7,13,24,-37,-20
Canada,Ontario,Essex County,2021-11-25,-3,11,-14,-42,-25
Canada,Ontario,Essex County,2021-11-26,-2,14,0,-35,-21
Canada,Ontario,Essex County,2021-11-27,-8,8,26,-36,-8
Canada,Ontario,Essex County,2021-11-28,-10,10,2,-39,-5
Canada,Ontario,Essex County,2021-11-29,-5,11,12,-43,-24
Canada,Ontario,Essex County,2021-11-30,-2,16,10,-40,-23
Canada,Ontario,Essex County,2021-12-01,-3,16,14,-37,-21
Canada,Ontario,Essex County,2021-12-02,-1,15,54,-37,-22
Canada,Ontario,Essex County,2021-12-03,-7,6,33,-43,-19
Canada,Ontario,Essex County,2021-12-04,-4,9,108,-32,-6
Canada,Ontario,Essex County,2021-12-05,-13,5,2,-46,-6
Canada,Ontario,Essex County,2021-12-06,-11,7,-2,-47,-23
Canada,Ontario,Essex County,2021-12-07,-7,11,11,-43,-20
Canada,Ontario,Essex County,2021-12-08,-6,14,22,-41,-18
Canada,Ontario,Essex County,2021-12-09,-5,13,24,-42,-19
Canada,Ontario,Essex County,2021-12-10,-8,9,47,-43,-15
Canada,Ontario,Essex County,2021-12-11,-11,5,10,-41,4
Canada,Ontario,Essex County,2021-12-12,-5,16,65,-37,4
Canada,Ontario,Essex County,2021-12-13,-4,19,38,-41,-21
Canada,Ontario,Essex County,2021-12-14,-3,19,44,-42,-19
Canada,Ontario,Essex County,2021-12-15,-2,24,31,-38,-18
Canada,Ontario,Essex County,2021-12-16,3,23,32,-38,-19
Canada,Ontario,Essex County,2021-12-17,-4,15,43,-41,-15
Canada,Ontario,Essex County,2021-12-18,-10,12,11,-38,3
Canada,Ontario,Essex County,2021-12-19,-6,17,34,-37,2
Canada,Ontario,Essex County,2021-12-20,4,27,43,-47,-32
Canada,Ontario,Essex County,2021-12-21,7,33,44,-43,-32
Canada,Ontario,Essex County,2021-12-22,13,53,28,-42,-31
Canada,Ontario,Essex County,2021-12-23,17,66,42,-42,-38
Canada,Ontario,Essex County,2021-12-24,-20,45,60,-53,-64
Canada,Ontario,Essex County,2021-12-25,-79,-70,41,-66,-67
Canada,Ontario,Essex County,2021-12-26,-16,-1,74,-34,-28
Canada,Ontario,Essex County,2021-12-27,-11,9,16,-61,-72
Canada,Ontario,Essex County,2021-12-28,-10,9,31,-58,-62
Canada,Ontario,Essex County,2021-12-29,-7,22,36,-51,-55
Canada,Ontario,Essex County,2021-12-30,-3,30,52,-52,-57
Canada,Ontario,Essex County,2021-12-31,-20,26,62,-59,-66
Canada,Ontario,Essex County,2022-01-01,-70,-59,3,-69,-62
Canada,Ontario,Essex County,2022-01-02,-26,-1,14,-48,-18
Canada,Ontario,Essex County,2022-01-03,-14,11,18,-58,-50
Canada,Ontario,Essex County,2022-01-04,-15,10,3,-51,-34
Canada,Ontario,Essex County,2022-01-05,-30,4,-24,-53,-37
Canada,Ontario,Essex County,2022-01-06,-29,3,-10,-56,-38
Canada,Ontario,Essex County,2022-01-07,-34,-3,-13,-56,-35
Canada,Ontario,Essex County,2022-01-08,-33,1,20,-47,-18
Canada,Ontario,Essex County,2022-01-09,-36,-1,4,-52,-15
Canada,Ontario,Essex County,2022-01-10,-32,-3,-11,-57,-38
Canada,Ontario,Essex County,2022-01-11,-32,0,-13,-56,-38
Canada,Ontario,Essex County,2022-01-12,-29,5,6,-57,-36
Canada,Ontario,Essex County,2022-01-13,-29,5,9,-56,-37
Canada,Ontario,Essex County,2022-01-14,-32,-2,-4,-56,-34
Canada,Ontario,Essex County,2022-01-15,-32,0,9,-50,-20
Canada,Ontario,Essex County,2022-01-16,-33,4,36,-47,-17
Canada,Ontario,Essex County,2022-01-17,-30,-3,2,-57,-32
Canada,Ontario,Essex County,2022-01-18,-30,2,6,-54,-30
Canada,Ontario,Essex County,2022-01-19,-28,3,21,-51,-28
Canada,Ontario,Essex County,2022-01-20,-27,2,-1,-51,-29
Canada,Ontario,Essex County,2022-01-21,-30,-3,5,-50,-25
Canada,Ontario,Essex County,2022-01-22,-33,-1,10,-48,-16
Canada,Ontario,Essex County,2022-01-23,-41,-11,29,-49,-16
Canada,Ontario,Essex County,2022-01-24,-37,-13,8,-56,-32
Canada,Ontario,Essex County,2022-01-25,-28,1,9,-52,-29
Canada,Ontario,Essex County,2022-01-26,-28,0,8,-52,-30
Canada,Ontario,Essex County,2022-01-27,-26,1,-5,-53,-31
Canada,Ontario,Essex County,2022-01-28,-31,-5,-6,-53,-26
Canada,Ontario,Essex County,2022-01-29,-29,0,34,-43,-14
Canada,Ontario,Essex County,2022-01-30,-34,1,21,-46,-12
Canada,Ontario,Essex County,2022-01-31,-19,1,11,-42,-27
Canada,Ontario,Essex County,2022-02-01,-12,21,20,-38,-25
Canada,Ontario,Essex County,2022-02-02,-39,-17,-32,-53,-31
Canada,Ontario,Essex County,2022-02-03,-44,-29,-23,-56,-36
Canada,Ontario,Essex County,2022-02-04,-27,-7,0,-43,-23
Canada,Ontario,Essex County,2022-02-05,-22,-1,42,-40,-9
Canada,Ontario,Essex County,2022-02-06,-23,2,41,-44,-6
Canada,Ontario,Essex County,2022-02-07,-23,-1,1,-43,-23
Canada,Ontario,Essex County,2022-02-08,-20,1,8,-42,-22
Canada,Ontario,Essex County,2022-02-09,-18,5,20,-42,-20
Canada,Ontario,Essex County,2022-02-10,-17,9,0,-42,-22
Canada,Ontario,Essex County,2022-02-11,-22,0,-15,-46,-18
Canada,Ontario,Essex County,2022-02-12,-17,5,2,-43,-11
Canada,Ontario,Essex County,2022-02-13,-26,6,-17,-49,-10
Canada,Ontario,Essex County,2022-02-14,-14,12,3,-44,-23
Canada,Ontario,Essex County,2022-02-15,-22,-2,-1,-44,-21
Canada,Ontario,Essex County,2022-02-16,-20,5,4,-40,-19
Canada,Ontario,Essex County,2022-02-17,-34,-16,-35,-49,-23
Canada,Ontario,Essex County,2022-02-18,-26,-11,-16,-48,-29
Canada,Ontario,Essex County,2022-02-19,-19,-2,2,-43,-4
Canada,Ontario,Essex County,2022-02-20,-12,6,30,-42,-9
Canada,Ontario,Essex County,2022-02-21,-29,-14,88,-63,-62
Canada,Ontario,Essex County,2022-02-22,-15,7,-12,-42,-20
Canada,Ontario,Essex County,2022-02-23,-17,3,-8,-43,-18
Canada,Ontario,Essex County,2022-02-24,-14,5,0,-42,-19
Canada,Ontario,Essex County,2022-02-25,-24,-12,-16,-47,-15
Canada,Ontario,Essex County,2022-02-26,-14,2,18,-42,-5
Canada,Ontario,Essex County,2022-02-27,-17,5,39,-46,-5
Canada,Ontario,Essex County,2022-02-28,-17,0,7,-45,-21
Canada,Ontario,Essex County,2022-03-01,-12,4,22,-41,-18
Canada,Ontario,Essex County,2022-03-02,-16,4,17,-41,-18
Canada,Ontario,Essex County,2022-03-03,-14,3,13,-41,-18
Canada,Ontario,Essex County,2022-03-04,-17,-5,14,-42,-14
Canada,Ontario,Essex County,2022-03-05,-11,0,81,-40,-5
Canada,Ontario,Essex County,2022-03-06,-13,3,89,-44,-4
Canada,Ontario,Essex County,2022-03-07,-20,-5,-12,-49,-22
Canada,Ontario,Essex County,2022-03-08,-16,0,7,-45,-17
Canada,Ontario,Essex County,2022-03-09,-15,1,31,-42,-16
Canada,Ontario,Essex County,2022-03-10,-13,5,28,-44,-16
Canada,Ontario,Essex County,2022-03-11,-20,-7,-17,-50,-14
Canada,Ontario,Essex County,2022-03-12,-15,-3,-3,-45,-6
Canada,Ontario,Essex County,2022-03-13,-25,-9,-4,-53,-6
Canada,Ontario,Essex County,2022-03-14,-16,-3,62,-52,-30
Canada,Ontario,Essex County,2022-03-15,-14,-1,40,-54,-28
Canada,Ontario,Essex County,2022-03-16,-10,4,106,-47,-27
Canada,Ontario,Essex County,2022-03-17,-6,1,157,-47,-29
Canada,Ontario,Essex County,2022-03-18,-16,-5,13,-50,-26
Canada,Ontario,Essex County,2022-03-19,-16,-5,-11,-46,0
Canada,Ontario,Essex County,2022-03-20,-9,9,130,-45,-3
Canada,Ontario,Essex County,2022-03-21,-13,0,84,-45,-17
Canada,Ontario,Essex County,2022-03-22,-15,-1,6,-46,-17
Canada,Ontario,Essex County,2022-03-23,-17,0,-9,-45,-16
Canada,Ontario,Essex County,2022-03-24,-12,3,16,-45,-16
Canada,Ontario,Essex County,2022-03-25,-15,-3,6,-46,-12
Canada,Ontario,Essex County,2022-03-26,-12,-3,0,-48,-4
Canada,Ontario,Essex County,2022-03-27,-15,1,-8,-51,-4
Canada,Ontario,Essex County,2022-03-28,-16,-2,7,-50,-20
Canada,Ontario,Essex County,2022-03-29,-12,6,27,-45,-19
Canada,Ontario,Essex County,2022-03-30,-13,3,15,-47,-17
Canada,Ontario,Essex County,2022-03-31,-9,7,8,-45,-18
Canada,Ontario,Essex County,2022-04-01,-13,0,2,-48,-15
Canada,Ontario,Essex County,2022-04-02,-11,0,44,-43,-5
Canada,Ontario,Essex County,2022-04-03,-16,5,20,-47,-6
Canada,Ontario,Essex County,2022-04-04,-20,-2,-6,-50,-19
Canada,Ontario,Essex County,2022-04-05,-12,8,63,-43,-18
Canada,Ontario,Essex County,2022-04-06,-17,3,8,-45,-17
Canada,Ontario,Essex County,2022-04-07,-10,8,34,-46,-17
Canada,Ontario,Essex County,2022-04-08,-11,1,17,-46,-13
Canada,Ontario,Essex County,2022-04-09,-9,5,33,-41,-6
Canada,Ontario,Essex County,2022-04-10,-6,14,137,-41,-5
Canada,Ontario,Essex County,2022-04-11,-12,5,44,-45,-18
Canada,Ontario,Essex County,2022-04-12,-7,10,119,-42,-17
Canada,Ontario,Essex County,2022-04-13,-8,12,25,-45,-18
Canada,Ontario,Essex County,2022-04-14,8,35,47,-40,-21
Canada,Ontario,Essex County,2022-04-15,-40,-26,21,-66,-72
Canada,Ontario,Essex County,2022-04-16,-5,30,101,-37,-19
Canada,Ontario,Essex County,2022-04-17,-47,-46,68,-45,-26
Canada,Ontario,Essex County,2022-04-18,-19,0,-9,-54,-42
Canada,Ontario,Essex County,2022-04-19,-14,7,7,-46,-17
Canada,Ontario,Essex County,2022-04-20,-7,14,46,-39,-15
Canada,Ontario,Essex County,2022-04-21,-6,10,90,-42,-16
Canada,Ontario,Essex County,2022-04-22,-10,2,34,-44,-12
Canada,Ontario,Essex County,2022-04-23,-4,7,198,-31,-3
Canada,Ontario,Essex County,2022-04-24,-5,11,191,-37,-4
Canada,Ontario,Essex County,2022-04-25,-11,5,30,-43,-17
Canada,Ontario,Essex County,2022-04-26,-8,8,31,-41,-15
Canada,Ontario,Essex County,2022-04-27,-5,12,30,-39,-14
Canada,Ontario,Essex County,2022-04-28,-2,12,88,-37,-14
Canada,Ontario,Essex County,2022-04-29,-4,8,75,-38,-14
Canada,Ontario,Essex County,2022-04-30,-4,7,99,-30,5
Canada,Ontario,Essex County,2022-05-01,-1,18,126,-33,-1
Canada,Ontario,Essex County,2022-05-02,-5,8,84,-44,-20
Canada,Ontario,Essex County,2022-05-03,-10,5,10,-46,-18
Canada,Ontario,Essex County,2022-05-04,-3,15,90,-39,-15
Canada,Ontario,Essex County,2022-05-05,0,14,92,-39,-16
Canada,Ontario,Essex County,2022-05-06,-5,9,37,-43,-12
Canada,Ontario,Essex County,2022-05-07,4,22,195,-24,4
Canada,Ontario,Essex County,2022-05-08,8,25,188,-24,-2
Canada,Ontario,Essex County,2022-05-09,-4,10,158,-36,-18
Canada,Ontario,Essex County,2022-05-10,-1,15,161,-34,-16
Canada,Ontario,Essex County,2022-05-11,2,16,157,-31,-17
Canada,Ontario,Essex County,2022-05-12,3,18,170,-31,-18
Canada,Ontario,Essex County,2022-05-13,-2,12,165,-35,-16
Canada,Ontario,Essex County,2022-05-14,-4,11,208,-23,-5
Canada,Ontario,Essex County,2022-05-15,0,18,182,-26,-1
Canada,Ontario,Essex County,2022-05-16,-3,13,118,-36,-18
Canada,Ontario,Essex County,2022-05-17,-1,14,141,-34,-15
Canada,Ontario,Essex County,2022-05-18,-7,9,19,-40,-14
Canada,Ontario,Essex County,2022-05-19,1,17,153,-31,-15
Canada,Ontario,Essex County,2022-05-20,-2,13,144,-34,-16
Canada,Ontario,Essex County,2022-05-21,-5,9,165,-24,-12
Canada,Ontario,Essex County,2022-05-22,3,17,177,-33,-9
Canada,Ontario,Essex County,2022-05-23,-20,-9,210,-59,-71
Canada,Ontario,Essex County,2022-05-24,0,20,142,-32,-15
Canada,Ontario,Essex County,2022-05-25,-2,20,104,-35,-14
Canada,Ontario,Essex County,2022-05-26,-3,15,67,-38,-16
Canada,Ontario,Essex County,2022-05-27,-4,13,102,-35,-10
Canada,Ontario,Essex County,2022-05-28,-3,11,242,-17,-2
Canada,Ontario,Essex County,2022-05-29,1,18,237,-26,1
Canada,Ontario,Essex County,2022-05-30,1,17,184,-34,-20
Canada,Ontario,Essex County,2022-05-31,3,23,149,-35,-16
Canada,Ontario,Essex County,2022-06-01,0,20,117,-35,-15
Canada,Ontario,Essex County,2022-06-02,6,22,178,-34,-16
Canada,Ontario,Essex County,2022-06-03,-3,11,172,-32,-13
Canada,Ontario,Essex County,2022-06-04,-3,7,368,-15,-3
Canada,Ontario,Essex County,2022-06-05,-3,16,256,-23,-2
Canada,Ontario,Essex County,2022-06-06,-5,10,85,-39,-19
Canada,Ontario,Essex County,2022-06-07,0,18,122,-32,-17
Canada,Ontario,Essex County,2022-06-08,-3,12,93,-31,-15
Canada,Ontario,Essex County,2022-06-09,2,15,161,-31,-16
Canada,Ontario,Essex County,2022-06-10,-5,6,139,-32,-15
Canada,Ontario,Essex County,2022-06-11,-2,6,251,-15,-2
Canada,Ontario,Essex County,2022-06-12,-1,16,207,-23,0
Canada,Ontario,Essex County,2022-06-13,-4,13,157,-30,-16
Canada,Ontario,Essex County,2022-06-14,0,14,144,-29,-14
Canada,Ontario,Essex County,2022-06-15,-2,15,123,-32,-14
Canada,Ontario,Essex County,2022-06-16,1,18,131,-33,-14
Canada,Ontario,Essex County,2022-06-17,-1,13,163,-28,-11
Canada,Ontario,Essex County,2022-06-18,3,16,263,-17,-5
Canada,Ontario,Essex County,2022-06-19,5,21,242,-18,-2
Canada,Ontario,Essex County,2022-06-20,0,15,146,-33,-19
Canada,Ontario,Essex County,2022-06-21,2,16,141,-29,-17
Canada,Ontario,Essex County,2022-06-22,1,20,154,-31,-18
Canada,Ontario,Essex County,2022-06-23,3,18,185,-26,-20
Canada,Ontario,Essex County,2022-06-24,-2,10,161,-30,-17
Canada,Ontario,Essex County,2022-06-25,-3,4,274,-16,-2
Canada,Ontario,Essex County,2022-06-26,0,16,210,-20,0
Canada,Ontario,Essex County,2022-06-27,8,18,325,-13,-23
Canada,Ontario,Essex County,2022-06-28,7,17,169,-30,-22
Canada,Ontario,Essex County,2022-06-29,4,18,151,-33,-22
Canada,Ontario,Essex County,2022-06-30,17,38,186,-23,-28
Canada,Ontario,Essex County,2022-07-01,-24,-5,213,-45,-68
Canada,Ontario,Essex County,2022-07-02,-5,11,308,-3,-18
Canada,Ontario,Essex County,2022-07-03,-5,10,235,-18,-8
Canada,Ontario,Essex County,2022-07-04,0,15,183,-34,-35
Canada,Ontario,Essex County,2022-07-05,1,17,137,-34,-29
Canada,Ontario,Essex County,2022-07-06,-2,18,116,-36,-27
Canada,Ontario,Essex County,2022-07-07,1,18,182,-28,-28
Canada,Ontario,Essex County,2022-07-08,-10,3,97,-39,-27
Canada,Ontario,Essex County,2022-07-09,-4,11,243,-14,-6
Canada,Ontario,Essex County,2022-07-10,-4,14,225,-17,-3
Canada,Ontario,Essex County,2022-07-11,-4,13,153,-35,-29
Canada,Ontario,Essex County,2022-07-12,-1,12,159,-35,-27
Canada,Ontario,Essex County,2022-07-13,-3,14,108,-37,-26
Canada,Ontario,Essex County,2022-07-14,0,13,179,-29,-26
Canada,Ontario,Essex County,2022-07-15,-8,7,143,-36,-24
Canada,Ontario,Essex County,2022-07-16,-7,6,224,-16,-4
Canada,Ontario,Essex County,2022-07-17,-8,9,110,-30,-2
Canada,Ontario,Essex County,2022-07-18,-5,12,157,-36,-26
Canada,Ontario,Essex County,2022-07-19,-3,12,134,-35,-25
Canada,Ontario,Essex County,2022-07-20,-2,18,102,-38,-23
Canada,Ontario,Essex County,2022-07-21,0,18,158,-28,-23
Canada,Ontario,Essex County,2022-07-22,-8,8,136,-33,-21
Canada,Ontario,Essex County,2022-07-23,-10,6,195,-18,4
Canada,Ontario,Essex County,2022-07-24,-9,11,148,-23,0
Canada,Ontario,Essex County,2022-07-25,-6,10,173,-32,-26
Canada,Ontario,Essex County,2022-07-26,-4,10,168,-31,-24
Canada,Ontario,Essex County,2022-07-27,-3,16,139,-32,-22
Canada,Ontario,Essex County,2022-07-28,0,18,177,-30,-24
Canada,Ontario,Essex County,2022-07-29,-7,13,203,-25,-26
Canada,Ontario,Essex County,2022-07-30,-10,5,332,-12,-9
Canada,Ontario,Essex County,2022-07-31,-3,11,283,-13,-6
Canada,Ontario,Essex County,2022-08-01,-16,-1,209,-49,-64
Canada,Ontario,Essex County,2022-08-02,-4,22,171,-34,-28
Canada,Ontario,Essex County,2022-08-03,-9,13,98,-38,-26
Canada,Ontario,Essex County,2022-08-04,-2,20,131,-36,-27
Canada,Ontario,Essex County,2022-08-05,-10,10,139,-34,-24
Canada,Ontario,Essex County,2022-08-06,-12,7,254,-19,-3
Canada,Ontario,Essex County,2022-08-07,-10,15,200,-22,0
Canada,Ontario,Essex County,2022-08-08,-10,9,88,-42,-28
Canada,Ontario,Essex County,2022-08-09,-6,13,168,-35,-25
Canada,Ontario,Essex County,2022-08-10,-3,18,169,-34,-23
Canada,Ontario,Essex County,2022-08-11,-2,17,178,-34,-25
Canada,Ontario,Essex County,2022-08-12,-8,7,182,-32,-22
Canada,Ontario,Essex County,2022-08-13,-12,5,250,-15,-3
Canada,Ontario,Essex County,2022-08-14,-9,11,190,-17,0
Canada,Ontario,Essex County,2022-08-15,-5,13,171,-37,-29
Canada,Ontario,Essex County,2022-08-16,-4,13,171,-35,-27
Canada,Ontario,Essex County,2022-08-17,-5,19,167,-36,-25
Canada,Ontario,Essex County,2022-08-18,-2,15,164,-34,-26
Canada,Ontario,Essex County,2022-08-19,-7,12,163,-35,-24
Canada,Ontario,Essex County,2022-08-20,-11,4,193,-23,-2
Canada,Ontario,Essex County,2022-08-21,-8,15,103,-23,0
Canada,Ontario,Essex County,2022-08-22,-5,14,132,-35,-29
Canada,Ontario,Essex County,2022-08-23,-3,15,174,-28,-26
Canada,Ontario,Essex County,2022-08-24,-3,17,152,-31,-24
Canada,Ontario,Essex County,2022-08-25,-2,17,161,-31,-26
Canada,Ontario,Essex County,2022-08-26,-9,9,150,-33,-23
Canada,Ontario,Essex County,2022-08-27,-8,7,279,-12,-2
Canada,Ontario,Essex County,2022-08-28,-7,14,221,-19,2
Canada,Ontario,Essex County,2022-08-29,-7,11,77,-34,-28
Canada,Ontario,Essex County,2022-08-30,-2,23,134,-30,-25
Canada,Ontario,Essex County,2022-08-31,2,29,159,-25,-23
Canada,Ontario,Essex County,2022-09-01,3,25,171,-22,-25
Canada,Ontario,Essex County,2022-09-02,-5,20,172,-25,-28
Canada,Ontario,Essex County,2022-09-03,-6,16,266,-12,-9
Canada,Ontario,Essex County,2022-09-04,0,27,117,-20,-7
Canada,Ontario,Essex County,2022-09-05,-16,12,196,-47,-73
Canada,Ontario,Essex County,2022-09-06,0,28,120,-11,-23
Canada,Ontario,Essex County,2022-09-07,-2,25,130,-8,-20
Canada,Ontario,Essex County,2022-09-08,1,25,144,-10,-21
Canada,Ontario,Essex County,2022-09-09,-5,15,132,-10,-16
Canada,Ontario,Essex County,2022-09-10,-4,19,199,-1,9
Canada,Ontario,Essex County,2022-09-11,-3,26,153,-11,2
Canada,Ontario,Essex County,2022-09-12,-3,19,107,-10,-24
Canada,Ontario,Essex County,2022-09-13,-2,21,122,-10,-23
Canada,Ontario,Essex County,2022-09-14,-2,22,124,-7,-21
Canada,Ontario,Essex County,2022-09-15,0,19,124,-9,-23
Canada,Ontario,Essex County,2022-09-16,-5,13,129,-9,-18
Canada,Ontario,Essex County,2022-09-17,-5,13,230,3,2
Canada,Ontario,Essex County,2022-09-18,-4,22,211,-6,2
Canada,Ontario,Essex County,2022-09-19,-5,16,110,-10,-26
Canada,Ontario,Essex County,2022-09-20,-3,22,87,-12,-21
Canada,Ontario,Essex County,2022-09-21,-1,23,105,-10,-20
Canada,Ontario,Essex County,2022-09-22,1,21,92,-10,-21
Canada,Ontario,Essex County,2022-09-23,-4,13,98,-18,-18
Canada,Ontario,Essex County,2022-09-24,-5,12,121,-4,0
Canada,Ontario,Essex County,2022-09-25,-6,20,79,-19,2
Canada,Ontario,Essex County,2022-09-26,-6,15,50,-13,-18
Canada,Ontario,Essex County,2022-09-27,-3,20,64,-11,-16
Canada,Ontario,Essex County,2022-09-28,-1,20,66,-12,-15
Canada,Ontario,Essex County,2022-09-29,5,26,95,-11,-15
Canada,Ontario,Essex County,2022-09-30,-5,14,106,-12,-16
Canada,Ontario,Essex County,2022-10-01,-3,13,153,-6,4
Canada,Ontario,Essex County,2022-10-02,-3,20,125,-10,3
Canada,Ontario,Essex County,2022-10-03,-3,19,93,-13,-19
Canada,Ontario,Essex County,2022-10-04,0,20,118,-9,-17
Canada,Ontario,Essex County,2022-10-05,1,24,128,-9,-15
Canada,Ontario,Essex County,2022-10-06,2,24,105,-10,-15
Canada,Ontario,Essex County,2022-10-07,-6,18,41,-16,-15
Canada,Ontario,Essex County,2022-10-08,-7,19,97,-9,-9
Canada,Ontario,Essex County,2022-10-09,-14,13,120,-15,-12
Canada,Ontario,Essex County,2022-10-10,-41,-26,188,-50,-73
Canada,Ontario,Essex County,2022-10-11,-4,20,100,-12,-18
Canada,Ontario,Essex County,2022-10-12,-7,17,53,-17,-17
Canada,Ontario,Essex County,2022-10-13,-2,18,64,-15,-17
Canada,Ontario,Essex County,2022-10-14,-3,15,71,-14,-14
Canada,Ontario,Essex County,2022-10-15,-2,11,116,-11,2
